rainfall,temperature,humidity,river_level,soil_moisture,elevation,historical_flood,flood
145.5,34.2,60.2,290.04,49.1,530.2,1,0
361.5,32.8,65.3,295.41,46.0,40.3,1,1
279.5,28.6,89.7,282.31,33.7,145.8,1,1
229.5,37.0,56.8,282.4,67.4,436.0,0,0
63.5,20.4,90.7,290.3,57.2,263.0,0,0
63.5,18.4,40.6,297.51,87.5,639.1,0,0
26.8,34.8,84.7,287.68,22.5,442.6,0,0
329.8,25.7,89.2,286.05,70.2,623.1,1,0
230.4,34.6,46.6,291.22,79.5,154.9,1,0
270.5,35.6,62.5,297.21,79.2,565.7,0,1
12.7,17.4,45.6,295.48,89.1,229.2,0,0
368.7,35.4,80.2,298.42,76.9,643.5,0,1
317.2,25.9,69.3,280.42,92.4,127.8,1,1
84.6,27.2,75.7,282.09,45.9,350.1,1,0
73.2,29.8,47.6,291.28,59.3,521.6,1,0
73.8,36.4,48.6,295.18,21.1,298.2,1,0
119.1,16.4,37.7,285.28,20.5,320.2,1,0
201.8,26.5,55.6,284.43,38.7,641.5,1,0
167.0,31.1,70.8,294.56,27.9,293.7,0,1
114.2,31.9,89.9,281.04,40.3,404.5,1,0
234.4,31.2,77.7,286.83,33.8,63.8,0,0
57.3,19.0,62.9,289.36,22.2,552.2,1,0
114.6,22.6,96.0,290.37,90.9,431.9,0,0
142.4,23.9,81.0,293.48,20.6,280.5,1,0
176.0,33.7,94.5,286.56,77.4,40.0,0,0
299.4,22.1,68.8,291.33,31.9,396.8,1,0
79.9,20.6,51.6,290.83,91.2,37.8,0,0
197.8,37.1,38.4,290.13,89.6,30.7,1,1
227.2,16.2,81.5,291.85,71.0,412.0,1,0
22.4,38.0,42.8,284.8,72.4,147.2,0,0
232.8,30.9,54.4,281.57,20.4,149.0,1,0
68.9,34.2,69.1,282.21,96.8,435.0,1,0
29.4,22.5,71.1,284.15,88.5,63.3,0,0
360.8,16.3,73.4,289.25,89.8,224.3,1,1
367.1,32.2,45.6,295.55,71.4,122.6,1,1
308.1,34.4,59.3,292.97,46.9,389.7,1,0
119.2,32.3,74.5,294.6,89.7,440.3,0,0
41.6,19.1,97.1,286.49,42.7,477.1,1,0
261.6,32.6,81.6,287.49,63.9,188.2,1,1
170.1,32.9,94.0,287.28,27.8,85.3,0,0
50.8,30.5,83.8,283.55,91.9,78.8,1,0
190.7,32.9,72.9,281.13,31.0,294.2,0,0
17.9,34.6,47.3,290.93,37.5,616.4,0,0
346.0,29.5,77.7,298.3,63.5,165.0,1,1
102.0,17.9,74.9,283.09,79.6,189.2,1,0
253.4,26.7,73.6,280.86,68.3,92.6,1,0
121.9,17.7,66.3,294.42,38.1,405.5,0,0
200.0,25.0,68.8,284.67,20.1,451.5,0,0
210.0,25.0,56.4,295.35,79.1,428.6,0,0
74.3,17.5,68.2,293.02,96.8,563.9,1,0
368.6,23.7,47.6,297.49,83.2,331.6,1,1
295.7,18.4,86.5,287.57,55.9,113.4,1,0
357.3,33.8,46.9,292.25,90.5,209.4,0,1
340.6,36.8,40.4,288.6,52.0,440.7,1,0
229.2,17.6,62.9,291.67,60.9,410.1,1,0
350.7,37.0,77.1,288.32,57.2,359.2,1,1
38.2,27.5,63.0,283.49,54.9,453.4,0,0
78.5,22.6,52.7,289.4,80.5,425.2,1,0
22.0,17.7,70.7,289.78,61.1,576.4,0,0
127.0,27.0,57.2,295.0,44.7,393.3,0,0
150.8,33.5,94.7,293.61,40.1,512.7,0,0
106.8,31.6,94.0,292.28,22.9,184.2,0,0
315.8,17.1,67.2,282.1,65.5,450.5,0,0
138.8,17.6,56.0,293.33,37.9,589.4,0,0
110.4,24.9,82.2,289.26,31.6,269.2,0,0
208.5,22.5,37.3,296.54,71.0,513.0,1,1
57.8,21.1,65.4,297.02,73.1,479.4,0,0
305.8,22.2,56.5,281.02,78.7,66.9,1,1
33.0,33.7,93.9,295.18,59.3,390.5,0,0
375.1,36.4,35.8,280.7,89.7,110.7,1,1
294.6,24.9,70.4,286.79,93.0,629.7,1,0
79.5,35.9,82.4,290.03,83.0,533.1,0,0
7.1,23.1,66.0,282.74,69.6,98.0,1,0
310.8,26.5,40.5,293.81,43.7,105.5,0,1
270.1,21.0,97.2,280.15,96.7,398.6,1,0
278.4,30.1,68.2,283.12,41.4,243.8,1,0
294.2,37.5,74.3,290.74,35.8,51.6,0,1
32.8,29.3,50.1,293.22,54.5,365.8,0,0
139.4,23.9,65.9,296.96,24.4,270.5,0,1
48.5,30.3,62.5,293.05,96.3,92.7,0,0
328.7,18.7,39.8,292.43,65.9,527.2,1,1
238.7,35.6,41.8,287.3,63.4,597.3,1,0
129.1,27.1,88.6,280.02,71.2,499.1,0,0
28.8,25.9,50.3,282.22,58.8,539.9,0,0
121.6,28.9,47.5,289.89,22.5,164.2,0,0
126.9,29.7,67.3,292.49,67.8,193.4,0,0
278.6,17.6,84.2,287.72,75.9,159.3,1,1
244.1,31.0,39.0,293.52,52.5,504.3,0,0
337.7,21.3,71.9,289.65,79.1,617.7,1,0
182.1,31.7,42.6,281.37,37.7,474.4,0,0
49.8,34.1,37.3,283.55,37.3,576.5,0,0
272.5,33.7,38.4,295.54,32.6,426.0,1,0
290.3,28.2,88.4,293.41,49.0,270.3,1,1
215.5,27.4,42.6,296.55,86.1,294.0,0,1
294.1,19.1,37.9,282.17,84.6,76.7,1,1
190.2,33.1,63.0,298.32,49.9,49.5,1,1
201.0,22.0,89.0,283.87,66.0,461.2,0,0
165.3,26.9,51.8,280.22,76.2,301.8,1,0
14.5,22.3,62.0,298.45,38.8,372.4,1,0
45.5,18.9,37.6,285.2,33.1,375.7,0,0
16.8,29.9,63.7,292.36,95.8,202.0,1,0
243.7,17.2,72.0,283.27,68.2,325.1,0,0
122.9,32.5,71.5,290.73,96.6,321.9,0,0
195.7,23.0,56.3,296.72,46.3,270.8,1,1
345.3,16.0,55.2,285.92,74.8,538.8,1,0
98.5,27.2,41.8,292.4,37.4,309.7,1,0
158.9,17.0,58.5,283.48,40.4,404.3,0,0
288.3,22.1,41.4,291.56,59.9,585.2,0,0
90.8,31.6,84.1,286.22,44.9,567.1,1,0
33.9,17.4,96.8,283.91,33.1,582.1,0,0
113.7,34.5,97.1,285.79,40.5,197.4,1,0
65.5,16.1,90.4,283.31,22.8,51.7,1,0
353.6,21.4,73.5,296.69,74.9,191.9,1,1
308.0,32.3,79.9,287.35,58.4,202.8,0,1
242.5,23.0,53.3,284.54,27.4,593.8,0,0
331.8,18.2,75.4,288.3,33.4,432.5,1,0
306.4,23.9,64.2,285.93,28.0,80.7,1,0
75.0,21.9,65.8,293.77,67.8,113.9,1,0
339.7,34.5,83.5,297.97,27.3,126.5,0,1
207.3,22.9,53.0,288.1,78.8,420.9,1,0
307.8,33.4,55.4,295.93,21.6,486.0,1,0
341.0,35.6,94.2,290.47,39.5,563.0,0,0
124.3,25.5,38.6,282.91,89.5,613.2,1,0
46.3,36.0,66.1,292.78,76.0,155.1,1,0
90.5,24.3,93.4,289.5,25.7,222.1,0,0
165.2,37.2,74.1,292.04,84.0,179.0,0,0
311.8,18.0,70.0,296.46,58.5,252.4,1,1
327.8,31.1,51.0,288.15,86.0,597.1,1,0
7.6,26.9,57.0,296.67,66.9,386.6,1,0
196.5,24.5,89.5,293.89,73.2,487.7,0,0
161.5,29.9,70.8,289.04,97.5,333.9,0,0
88.3,31.5,67.9,291.16,38.1,47.9,1,0
49.9,16.1,41.4,286.02,68.7,69.8,1,0
131.6,19.7,36.0,298.2,55.9,363.5,0,0
358.6,31.7,96.7,292.35,23.1,475.6,1,1
126.2,30.7,59.1,280.81,21.1,163.5,0,0
199.5,37.3,73.6,286.04,29.3,477.6,0,0
268.6,32.7,40.1,291.53,70.6,532.6,0,0
141.4,36.9,78.7,281.04,64.2,285.4,0,0
369.4,31.5,94.7,280.44,63.2,492.8,1,0
365.9,22.6,71.8,288.33,22.5,280.5,1,1
99.4,18.3,43.1,286.15,56.6,450.6,1,0
191.5,33.2,72.2,288.11,92.1,503.7,1,1
117.8,30.2,84.0,284.86,51.0,645.0,0,0
111.8,17.1,61.0,283.05,68.7,244.1,1,0
18.8,23.9,91.3,292.75,80.8,284.8,1,0
233.6,37.0,76.5,289.52,81.1,132.7,1,1
193.5,27.0,92.6,283.7,60.5,156.5,1,1
24.3,25.5,74.9,285.91,86.9,459.9,1,0
109.5,26.1,43.4,290.95,50.5,598.6,0,0
345.6,20.6,54.8,281.34,89.3,274.7,1,0
94.8,24.1,47.9,282.73,38.7,141.5,1,0
59.3,24.1,93.2,281.36,41.9,206.8,1,0
188.5,17.2,83.7,295.03,24.1,312.1,0,0
374.6,32.9,78.3,293.92,82.1,210.2,1,1
95.8,25.2,54.3,293.94,52.5,174.8,1,0
257.1,34.1,46.8,293.25,37.9,486.3,0,0
290.6,34.7,83.4,292.38,38.1,34.9,1,1
94.1,20.7,65.3,288.82,90.3,364.3,0,0
278.1,30.5,49.5,291.88,85.0,522.1,0,0
142.9,26.4,74.5,280.71,63.2,195.1,0,0
242.1,35.4,37.6,291.5,68.1,404.0,1,0
242.6,20.7,55.9,294.39,57.0,444.7,0,0
205.9,30.9,65.0,289.26,50.5,436.1,1,0
38.9,29.4,44.5,286.61,91.4,306.4,0,0
318.2,22.5,98.0,285.13,29.8,244.9,0,1
125.3,19.0,48.4,291.89,52.6,548.3,0,0
74.9,30.3,43.3,292.82,46.9,500.2,0,0
20.3,32.2,48.0,296.11,58.9,229.2,1,0
226.6,22.9,84.2,286.33,55.7,93.9,1,0
259.1,30.2,62.2,294.24,60.5,74.5,0,1
11.2,24.7,71.2,290.39,30.9,88.5,0,0
197.0,31.7,36.3,296.33,60.0,391.4,1,0
89.9,20.4,37.2,289.76,38.9,62.0,0,0
246.9,35.6,63.5,289.58,34.4,238.9,1,0
70.4,22.3,87.3,290.69,25.1,497.0,1,0
264.1,24.1,91.7,293.86,79.5,212.5,0,1
150.0,17.3,40.5,297.85,53.3,503.3,0,0
356.3,18.5,69.5,281.36,68.9,492.2,1,0
56.6,27.3,93.4,280.99,76.8,182.4,0,0
132.9,21.9,59.8,297.34,73.0,481.9,0,0
47.6,34.4,88.1,289.8,56.7,493.6,0,0
351.8,16.3,43.6,291.38,50.3,276.4,1,0
334.0,24.3,94.9,288.92,49.3,160.5,1,0
101.7,23.4,83.1,281.73,69.9,353.2,0,0
252.5,16.4,95.2,294.21,58.6,601.3,1,0
311.5,18.7,78.3,293.82,86.2,426.6,0,1
213.2,25.1,58.3,285.77,88.2,137.2,1,0
203.6,26.8,95.0,285.67,33.3,453.3,0,0
95.7,24.9,52.6,295.5,30.6,294.9,1,0
39.9,27.7,56.3,281.34,69.2,396.7,1,0
341.5,29.1,79.9,296.3,43.5,485.1,0,1
342.7,16.2,84.0,284.75,21.4,349.3,0,0
242.4,26.2,94.5,290.97,89.3,534.7,0,0
132.1,37.2,48.1,297.32,37.7,477.7,0,0
136.0,27.4,86.1,292.55,92.5,411.3,0,0
277.2,30.9,82.3,287.67,76.0,123.5,1,1
341.4,22.9,39.1,292.76,79.5,548.3,1,1
337.7,33.0,59.8,286.36,35.7,610.3,0,1
297.5,33.0,53.1,285.13,38.3,114.9,1,0
245.8,27.5,54.5,298.44,60.7,332.7,1,1
36.6,37.5,97.9,293.89,33.4,190.5,1,0
65.6,18.8,76.1,291.93,43.8,497.8,0,0
342.0,16.4,80.9,286.57,45.1,477.4,0,0
232.4,32.9,97.5,280.91,32.5,117.3,1,0
8.4,33.8,59.1,280.57,36.0,573.8,0,0
43.1,18.6,86.3,290.25,81.5,142.2,1,0
253.8,21.8,62.8,294.1,33.0,524.3,1,0
6.9,16.4,90.7,289.94,22.2,313.3,0,0
65.3,22.5,46.6,295.55,69.1,233.5,0,0
210.8,33.0,95.7,280.62,96.1,128.1,1,1
264.5,27.4,49.0,286.78,45.8,133.9,1,0
249.5,23.7,55.9,284.39,29.3,440.4,1,0
89.1,24.2,83.4,288.27,64.5,371.3,0,0
272.1,16.0,60.2,281.34,90.7,105.7,1,1
94.0,22.6,73.9,297.65,81.2,99.9,1,1
127.0,30.2,63.5,284.13,68.6,74.8,1,0
284.9,37.4,82.5,297.06,44.6,491.1,0,1
248.6,34.6,49.6,287.88,62.3,471.4,0,0
323.5,16.5,38.7,298.23,27.1,66.2,0,1
251.6,35.8,54.2,290.25,73.0,377.4,1,0
218.1,33.2,65.4,297.22,76.6,82.5,1,1
40.1,33.2,45.8,280.1,95.3,590.3,1,0
142.9,26.1,57.7,293.84,40.3,592.4,1,0
104.5,24.8,60.6,296.71,21.4,462.9,0,0
96.5,22.7,38.7,282.58,62.6,604.2,0,0
369.9,17.4,72.3,281.78,75.1,533.1,0,0
152.4,21.0,91.6,287.85,81.7,543.7,0,0
339.5,21.4,44.7,297.27,35.1,383.2,1,1
241.7,26.6,73.3,290.03,40.4,219.8,1,0
303.1,32.4,77.5,289.76,60.0,165.0,0,1
193.5,26.4,61.8,282.61,45.8,232.9,1,0
221.3,17.3,79.9,280.01,87.1,419.7,1,0
189.7,37.1,61.3,294.99,57.0,137.0,1,1
78.2,36.7,67.3,281.62,82.4,190.4,0,0
275.9,33.3,35.5,291.73,65.3,320.2,1,0
110.3,37.8,79.3,296.92,80.3,174.5,0,1
14.1,28.0,77.3,283.86,45.9,395.0,1,0
247.1,37.2,37.5,292.31,84.9,602.4,0,0
71.4,17.7,58.6,281.46,41.4,493.8,0,0
357.7,24.0,97.7,291.17,62.6,443.2,1,0
362.7,21.0,61.9,283.03,36.7,391.3,1,0
348.1,20.3,67.1,293.62,57.1,332.5,1,0
143.8,19.1,93.2,285.57,44.8,145.7,1,0
10.8,29.7,80.9,288.57,40.8,584.7,0,0
353.1,33.2,72.3,291.09,95.4,184.1,0,1
165.6,28.7,86.1,283.17,32.5,86.6,1,0
367.5,19.2,90.3,293.72,81.4,495.0,0,0
366.4,33.8,64.2,285.6,96.8,138.9,1,1
324.9,30.0,65.4,292.25,21.6,260.6,0,1
115.4,24.5,59.7,282.93,74.5,47.5,0,0
149.4,30.8,96.9,292.73,39.7,115.0,1,0
324.2,21.7,79.6,282.37,23.2,137.4,0,1
123.8,23.6,40.3,287.87,51.4,63.7,1,0
68.6,36.2,90.2,284.57,92.9,437.1,1,0
213.8,22.4,65.8,293.84,20.9,548.9,1,0
356.1,26.3,39.4,284.85,65.9,261.5,1,0
266.0,35.6,70.2,296.31,59.1,572.2,0,0
218.8,31.6,61.7,296.5,88.1,162.3,1,1
41.4,17.4,91.2,283.63,26.6,231.7,1,0
235.6,19.2,48.1,291.36,73.2,123.5,1,0
376.3,16.2,87.9,281.62,73.0,414.7,1,0
57.5,29.9,70.7,287.24,72.2,290.3,1,0
199.4,25.8,38.5,293.2,93.5,410.2,1,0
334.0,19.0,97.2,292.2,84.2,502.2,1,1
282.8,37.1,67.8,291.56,23.3,368.3,0,0
266.4,27.7,53.6,285.23,56.7,419.1,0,0
268.4,21.3,65.0,286.99,51.0,609.9,1,0
139.8,27.0,89.9,281.9,44.2,215.4,0,0
115.1,31.0,54.5,293.3,55.2,252.7,0,0
308.5,17.7,47.3,289.32,50.0,475.0,0,0
308.8,22.0,43.3,293.11,53.7,409.0,1,0
330.2,33.8,54.1,284.61,96.4,140.7,0,1
347.5,26.1,84.9,286.0,26.9,263.2,1,1
196.8,28.0,65.2,286.18,91.9,320.1,0,0
193.1,25.5,49.6,280.48,57.5,290.0,1,0
304.4,17.0,45.6,286.31,68.7,140.5,0,0
248.7,19.6,56.3,294.86,84.8,603.1,1,0
268.2,25.8,95.2,296.6,48.1,502.6,0,0
303.4,20.6,57.0,289.59,53.6,328.4,1,0
338.8,17.1,98.2,288.43,51.9,451.6,1,1
131.7,34.6,66.1,280.57,49.2,586.3,1,0
145.8,37.6,46.5,296.27,92.2,114.4,1,1
40.2,33.4,92.0,280.24,84.7,185.2,0,0
221.9,34.8,64.5,297.48,28.5,366.5,1,1
18.5,21.3,80.4,289.05,28.4,525.4,1,0
179.6,37.1,98.0,286.33,53.4,52.5,1,0
208.5,20.3,38.2,297.1,27.7,640.1,1,0
112.5,36.9,41.2,280.45,68.3,312.0,1,0
226.6,37.9,81.1,290.76,31.2,252.7,1,0
16.4,31.7,53.0,290.16,60.7,211.5,0,0
19.0,37.6,46.8,284.06,20.6,138.1,1,0
313.5,28.5,37.5,287.93,44.7,520.8,1,0
140.1,21.7,36.4,292.07,72.8,622.4,1,0
52.6,25.6,84.6,293.45,57.8,286.5,0,0
200.8,29.1,43.6,280.01,96.3,620.5,1,0
293.7,17.6,64.9,297.33,88.2,540.8,1,1
85.9,29.7,73.8,283.04,48.0,328.3,0,0
238.6,37.6,62.4,284.32,23.5,447.9,1,0
37.0,20.2,36.7,284.87,86.0,299.7,0,0
24.4,33.4,85.1,280.7,91.1,376.4,1,0
204.3,36.0,35.7,282.28,84.0,66.0,1,0
207.7,36.8,83.8,298.25,30.0,461.7,0,1
244.0,37.1,92.2,285.83,97.8,62.8,0,0
277.3,27.5,62.7,282.13,40.2,536.6,1,0
370.9,37.5,69.3,281.98,76.5,541.5,0,0
198.6,32.7,65.5,293.31,90.8,177.0,1,0
126.1,19.6,59.9,295.81,38.4,230.7,1,0
303.2,26.5,91.8,284.75,90.8,328.4,1,0
106.6,31.8,92.2,280.39,44.1,399.9,0,0
169.6,21.4,56.5,284.13,96.2,208.2,1,0
34.4,30.1,74.4,281.05,41.9,397.3,1,0
14.5,30.7,94.3,281.91,94.4,214.6,0,0
366.0,19.6,96.6,287.98,24.2,64.4,0,0
318.5,28.4,67.6,284.25,75.3,31.6,0,0
266.0,33.0,64.0,289.54,61.5,92.7,1,0
158.4,27.0,52.8,284.69,57.3,521.2,0,0
70.0,16.3,96.4,297.4,37.4,626.1,0,0
63.7,16.2,44.1,296.76,75.0,294.7,1,1
98.8,23.9,72.1,290.49,34.9,347.9,1,0
211.0,36.4,53.1,286.56,63.1,121.0,1,0
273.0,21.0,52.9,287.05,39.8,371.6,1,0
252.6,30.0,60.9,287.62,94.5,119.7,0,1
110.0,20.9,98.9,293.46,22.2,409.0,1,0
363.1,23.1,38.5,288.36,35.6,608.6,0,0
281.7,34.7,72.0,295.85,38.9,151.3,1,1
212.9,32.0,40.3,297.47,52.3,504.0,1,1
234.4,18.1,44.9,286.22,38.2,44.6,0,0
162.4,25.4,63.1,290.37,58.3,262.8,1,0
97.9,16.6,67.7,281.76,88.1,98.7,1,0
138.5,26.6,51.6,283.71,75.5,248.5,0,0
289.2,30.6,55.3,287.65,65.2,137.6,1,0
10.4,18.6,40.6,283.81,26.9,261.4,1,0
48.5,22.4,54.4,296.22,74.1,288.9,1,0
22.3,24.8,96.9,282.93,33.0,216.4,1,0
20.3,36.2,95.5,288.43,81.3,437.1,1,0
325.8,37.9,56.4,291.21,39.5,599.7,0,0
268.9,17.0,71.5,292.8,52.5,278.4,0,0
182.8,32.7,93.2,287.09,47.3,149.3,1,0
41.7,24.2,35.4,296.08,87.0,197.8,0,0
189.4,24.6,86.9,290.51,29.9,559.5,1,0
182.6,32.6,95.7,288.13,64.1,384.4,0,0
70.0,36.2,40.8,281.24,31.1,312.1,0,0
167.7,36.9,45.3,288.6,75.0,122.8,0,0
154.4,28.7,96.5,295.18,90.6,308.8,1,1
235.9,23.9,69.4,291.37,53.9,202.7,1,0
243.2,33.3,35.9,295.4,58.1,614.8,0,1
22.0,21.5,51.5,289.14,92.3,578.1,1,0
145.5,28.4,63.8,282.19,60.6,82.0,0,0
239.7,23.9,79.3,280.25,58.0,350.3,1,0
193.7,30.4,81.9,285.61,65.1,169.5,0,0
326.2,21.3,98.7,292.91,73.8,284.7,1,1
252.0,20.2,53.4,294.62,28.3,573.6,1,1
66.1,36.2,69.4,285.47,84.0,357.1,1,0
31.5,18.2,69.1,289.17,54.0,237.2,0,0
245.9,27.1,61.0,287.79,25.6,158.9,1,0
14.9,20.9,45.8,287.59,81.3,526.2,1,0
224.7,16.9,97.6,284.28,49.4,417.2,1,0
357.6,16.8,89.6,282.52,27.8,320.2,0,0
220.8,19.9,66.9,283.64,69.4,164.8,0,0
150.6,35.1,73.6,281.02,88.7,237.2,1,0
246.2,22.2,49.5,283.67,89.2,625.1,0,0
176.8,36.9,69.8,280.17,94.7,352.5,0,0
209.6,28.8,79.5,291.6,87.7,278.4,0,1
358.0,25.6,68.0,285.85,20.2,353.3,1,0
149.8,28.8,98.4,298.0,49.7,513.0,0,1
365.4,27.4,74.1,283.58,83.8,240.9,1,1
344.5,32.7,58.7,286.4,48.6,140.8,1,1
78.4,22.2,84.4,286.62,66.9,392.7,0,0
31.0,23.8,45.9,280.16,67.3,442.4,0,0
42.8,35.7,59.6,295.53,48.5,471.9,0,0
11.8,36.8,57.2,280.59,90.5,576.8,1,0
40.4,35.6,62.6,297.39,59.3,260.1,1,0
261.1,25.2,85.0,296.5,56.3,76.7,1,1
31.7,33.2,66.0,289.91,97.8,624.2,0,0
124.6,26.5,85.8,290.06,58.5,299.7,1,0
321.8,26.9,71.9,292.09,33.9,416.4,1,0
13.7,20.5,56.9,287.16,60.0,443.1,1,0
310.4,29.0,86.8,291.97,83.5,368.8,1,1
110.7,20.1,50.3,280.83,80.6,157.3,0,0
49.3,23.3,49.4,281.0,81.5,498.2,1,0
266.3,34.8,67.3,288.46,75.2,528.3,0,0
240.9,20.6,51.7,290.17,39.8,372.8,0,0
334.1,17.6,35.6,296.42,87.2,332.9,1,1
280.7,17.5,76.5,281.94,89.7,100.6,1,1
306.3,36.7,67.7,295.22,35.1,82.1,1,1
110.8,27.2,63.5,283.89,30.2,240.5,0,0
71.5,25.0,96.9,287.29,96.1,222.7,0,0
286.5,33.8,71.6,285.86,87.7,621.3,1,0
307.6,34.4,90.3,287.4,89.7,515.8,1,0
376.4,23.3,43.9,282.78,89.1,439.2,0,0
159.7,31.3,71.4,289.32,62.3,350.9,1,0
144.5,33.0,90.6,294.83,70.4,133.8,0,0
296.2,30.4,72.3,288.17,62.5,636.6,1,0
132.8,19.3,81.0,289.08,24.0,262.5,1,0
354.0,35.3,58.8,295.7,78.1,96.3,0,1
326.9,27.9,40.9,293.06,59.4,336.2,0,0
165.9,22.2,64.3,289.07,70.5,571.9,1,0
286.6,25.4,60.2,284.77,59.2,580.1,1,0
288.0,16.8,90.5,296.37,58.4,36.8,1,1
43.7,18.8,50.6,290.67,33.4,579.5,1,0
343.5,32.8,96.9,284.09,41.7,198.3,0,0
194.5,16.0,96.3,284.98,32.4,54.2,1,0
314.9,25.2,50.8,294.86,35.3,555.6,0,1
125.0,27.5,57.3,280.82,95.9,565.6,1,0
340.8,17.2,92.3,298.35,31.9,399.7,0,1
151.0,37.4,96.9,282.41,41.0,386.1,1,0
9.1,21.0,63.4,294.73,66.1,534.1,0,0
344.5,22.7,55.5,287.3,67.6,517.5,0,0
39.2,22.7,68.7,289.11,32.0,581.9,0,0
124.7,21.1,79.0,296.29,81.9,372.7,1,0
361.3,16.0,52.5,287.64,81.2,629.9,1,0
361.5,32.0,82.1,289.94,38.5,647.6,1,0
220.0,37.3,38.3,280.91,42.5,102.3,0,0
241.9,20.9,38.2,280.04,93.2,556.7,1,0
173.2,30.6,59.7,284.53,84.4,339.9,1,0
115.0,32.3,57.6,292.59,74.4,270.3,0,0
128.2,34.7,55.2,282.24,26.4,410.1,0,0
257.2,25.3,66.4,282.1,52.6,64.7,1,0
287.1,22.7,55.5,287.6,63.6,344.0,0,0
301.8,23.2,47.3,291.98,34.6,570.0,0,0
301.1,31.7,54.8,293.17,55.0,162.3,1,1
39.2,34.0,97.4,283.3,66.9,294.4,0,0
190.4,20.0,61.3,281.47,45.5,612.5,1,0
26.6,24.2,63.5,297.4,80.9,295.7,1,1
211.1,35.8,71.9,284.82,85.6,252.2,1,0
170.6,33.7,97.9,295.79,45.2,303.1,1,0
337.9,37.7,50.5,295.97,85.4,352.1,0,1
136.6,32.6,78.6,294.29,28.1,421.8,1,0
48.9,24.7,80.8,283.12,85.3,526.4,0,0
58.6,29.0,73.9,295.2,31.9,310.3,1,0
290.6,30.5,40.7,294.23,26.5,536.8,1,0
236.8,17.7,78.3,291.04,70.1,360.9,1,0
42.9,28.0,39.1,286.24,56.8,239.9,1,0
36.5,31.6,73.2,284.86,90.8,437.9,0,0
267.9,19.7,82.3,282.25,48.3,475.0,0,0
32.3,33.2,48.5,289.43,42.4,376.0,1,0
313.2,28.8,88.9,290.83,59.1,65.1,0,1
269.8,36.9,36.9,286.65,55.6,135.3,1,0
35.5,16.9,89.0,288.79,46.9,206.9,0,0
36.8,21.8,64.5,286.73,74.1,205.2,1,0
375.0,29.2,48.9,291.86,79.2,447.5,0,0
145.4,22.5,43.6,296.67,86.5,41.4,1,1
144.0,31.7,96.0,283.03,95.9,498.5,1,0
309.8,32.7,39.7,287.06,40.8,194.5,1,1
360.2,18.3,47.7,282.61,75.9,222.2,0,1
374.8,27.3,57.3,291.56,50.8,357.3,1,0
287.5,27.2,74.7,293.48,72.8,163.9,0,1
146.1,24.1,69.9,297.24,57.1,578.4,0,1
36.3,36.5,43.0,285.16,97.5,82.9,0,0
296.4,34.2,53.5,297.58,76.9,305.5,1,1
214.4,31.3,50.3,281.17,94.3,556.6,0,0
164.1,31.7,48.7,291.16,85.1,411.8,1,0
344.9,26.2,61.3,281.06,90.4,211.2,1,1
46.7,36.3,80.1,296.53,83.5,290.9,0,0
189.7,31.3,48.9,289.8,55.8,468.2,1,0
9.3,32.0,58.5,292.38,39.6,633.4,1,0
180.7,35.0,60.0,295.38,48.9,583.7,0,0
26.1,22.0,97.5,282.78,21.6,242.3,1,0
49.6,33.8,96.1,280.71,60.9,648.9,1,0
49.1,20.3,86.2,296.26,59.4,32.2,0,0
248.5,23.6,50.5,285.83,61.0,47.1,1,1
284.8,23.4,39.4,282.39,96.0,540.8,0,0
223.8,37.5,55.3,288.67,91.1,153.7,0,0
365.8,34.8,52.1,291.07,32.6,67.7,1,1
145.6,31.4,67.4,280.57,48.8,177.0,1,0
112.1,32.0,84.8,285.09,53.1,294.2,1,0
330.7,28.4,89.9,280.61,48.1,483.0,1,0
88.8,36.8,89.1,287.78,82.3,417.1,1,0
366.2,26.9,58.0,296.56,60.9,177.3,1,1
9.6,24.4,79.0,298.18,64.6,342.0,0,0
368.7,19.6,55.0,291.79,86.5,604.3,1,0
21.2,33.3,38.9,282.99,82.9,535.3,1,0
339.2,32.2,79.9,296.76,30.3,230.4,0,1
202.9,24.5,35.6,289.55,75.7,639.0,1,0
377.4,16.6,61.2,282.84,54.0,469.3,0,0
32.7,34.5,56.1,297.05,43.0,68.7,1,0
212.7,16.3,79.4,294.01,23.9,51.8,1,0
368.5,31.5,84.0,293.54,58.0,134.4,1,1
201.2,37.3,54.5,293.12,47.7,481.3,0,0
241.0,25.6,86.9,283.71,39.6,143.9,1,0
265.9,21.2,53.8,283.9,74.2,347.1,0,0
175.5,31.5,63.6,292.73,80.0,87.8,1,0
240.3,34.0,81.5,284.06,39.1,600.9,1,0
224.1,28.0,79.3,288.12,23.9,243.3,1,0
342.9,37.3,98.2,294.47,86.2,593.0,1,1
22.0,17.1,49.4,294.5,20.8,615.8,1,0
110.4,27.1,77.4,288.39,93.1,33.8,0,0
361.4,31.8,74.0,294.66,69.0,317.8,0,1
338.8,35.0,93.6,295.51,45.1,45.3,1,1
175.9,19.9,45.0,292.11,39.2,593.4,1,0
237.5,33.6,83.1,284.23,20.7,351.4,0,0
109.0,28.2,71.4,285.07,38.4,76.5,1,0
75.5,24.7,52.6,285.82,30.7,98.4,0,0
178.9,18.9,65.4,282.16,67.7,267.8,0,0
137.5,35.0,56.4,285.05,33.0,612.9,1,0
223.9,19.5,72.1,283.88,61.2,459.6,0,0
34.2,22.8,91.9,288.42,66.0,567.9,0,0
370.4,22.4,71.4,296.81,43.2,257.2,0,1
374.8,35.2,75.4,281.93,22.7,56.8,1,0
266.8,30.8,68.2,293.32,22.9,634.1,1,0
206.0,33.5,38.3,292.71,22.1,40.6,1,0
121.1,21.5,49.9,281.77,77.7,617.5,0,0
310.2,29.7,66.5,297.07,44.8,258.6,1,1
261.8,28.6,54.9,290.52,82.1,36.3,1,1
66.0,34.3,46.6,286.73,53.7,457.3,1,0
346.6,35.9,67.3,294.0,55.3,637.9,1,0
313.5,16.3,55.7,284.76,60.0,628.7,0,0
361.2,30.8,51.5,292.83,75.6,129.8,1,1
277.1,17.1,64.7,280.73,41.3,142.4,0,0
235.0,28.1,43.5,295.53,29.5,380.6,0,0
161.8,22.3,94.4,288.29,63.4,425.1,1,0
354.8,22.7,90.5,291.78,45.5,488.4,1,0
329.8,23.8,80.3,284.09,54.5,142.3,1,1
22.0,29.7,41.8,292.53,70.5,624.6,1,0
14.9,23.3,84.7,294.29,58.5,426.0,0,0
146.2,32.1,86.7,288.75,68.4,555.2,0,0
309.0,24.9,84.1,291.43,62.4,364.8,0,0
375.2,17.5,42.3,288.44,77.7,286.9,1,0
61.4,33.2,76.2,296.54,75.1,635.9,1,0
227.8,22.3,88.4,289.21,61.7,390.9,0,0
147.8,25.5,72.0,295.57,73.0,567.5,1,0
368.7,31.1,76.4,294.83,88.1,621.0,0,1
320.8,23.3,64.3,287.59,53.7,448.7,1,0
319.4,17.2,68.8,284.26,52.2,370.3,1,0
180.8,24.2,37.2,287.51,79.6,32.2,0,0
160.6,36.8,75.9,295.29,65.4,54.8,1,0
107.5,30.1,40.2,284.21,25.5,154.5,1,0
26.1,30.8,62.8,289.7,89.6,145.3,1,0
329.3,29.9,53.7,294.91,22.4,188.0,1,1
309.8,20.4,69.9,286.54,78.4,219.1,0,0
379.9,25.2,43.5,291.88,79.2,253.2,1,1
378.7,32.5,79.3,284.54,94.3,290.7,1,1
213.3,18.2,85.9,282.02,24.2,91.3,0,0
293.4,22.1,45.5,294.7,66.6,56.3,0,1
359.3,22.1,41.7,281.83,53.4,447.8,1,0
323.6,25.5,44.3,285.02,45.8,363.1,0,0
97.8,37.6,91.1,295.82,27.0,305.4,1,0
174.0,17.5,68.8,286.41,63.9,423.4,1,0
53.4,27.4,64.9,298.0,57.4,543.2,1,0
362.8,19.9,41.8,298.13,28.2,295.2,0,1
232.3,37.4,76.6,284.96,67.8,427.5,0,0
90.7,18.5,90.6,280.76,77.6,621.2,0,0
256.9,24.9,88.0,293.04,79.8,550.6,1,0
236.8,32.2,75.1,288.34,90.6,294.1,1,1
139.3,31.5,39.8,281.86,51.9,429.7,1,0
47.6,25.3,42.2,293.09,94.3,139.8,1,0
256.8,23.6,38.2,280.58,87.5,377.5,0,0
200.1,24.7,51.5,296.1,43.1,638.4,0,0
294.6,21.8,43.7,282.57,32.4,351.4,1,1
200.1,20.5,51.6,282.36,54.0,605.1,1,0
324.6,26.6,59.6,283.25,51.3,282.5,0,0
212.0,21.9,95.4,297.76,64.9,649.3,0,1
215.4,22.3,74.1,292.82,65.5,389.1,0,0
333.7,30.4,88.4,294.83,78.5,56.2,0,1
156.3,37.3,80.5,287.36,59.8,393.8,1,0
55.3,29.3,42.2,286.22,28.2,200.2,1,0
15.8,17.7,82.1,284.34,86.9,50.1,1,0
288.2,17.7,52.6,288.89,44.2,538.9,1,0
237.6,36.9,75.9,290.21,95.8,201.0,1,1
269.0,22.5,56.8,291.69,29.2,523.9,1,0
84.9,18.0,98.9,284.76,94.7,208.7,0,0
56.1,29.2,51.9,297.55,27.1,150.5,1,1
10.5,29.7,52.9,283.14,38.0,633.8,0,0
136.5,30.3,94.6,297.86,23.6,254.2,0,0
226.2,21.9,36.6,280.27,75.0,402.9,0,0
152.1,16.3,79.6,288.9,86.3,408.2,1,0
169.1,37.2,81.4,286.17,53.9,377.5,0,0
344.1,21.5,88.5,288.31,92.4,597.1,0,1
135.6,30.9,97.4,290.56,66.0,448.2,1,0
197.7,31.5,97.4,288.06,69.1,280.3,1,0
298.9,29.4,39.2,287.67,85.9,564.7,1,1
153.7,22.9,87.6,293.56,43.2,142.3,1,0
238.3,22.0,76.4,292.69,47.6,367.4,0,0
328.4,29.1,76.4,295.42,90.7,619.3,0,1
361.1,35.1,43.2,284.62,90.3,417.7,1,0
60.2,36.8,76.6,291.28,96.2,536.5,1,0
352.5,18.3,97.9,290.83,90.3,435.2,1,1
189.5,19.4,93.4,286.84,29.9,550.4,1,0
101.8,36.8,63.1,288.99,84.3,615.6,1,0
177.2,32.2,37.6,285.8,52.0,199.2,1,0
372.5,35.4,58.2,282.62,97.3,135.2,0,1
189.7,20.5,87.9,283.96,56.8,330.1,0,0
128.3,28.9,79.9,281.95,63.2,465.2,1,0
242.5,31.4,64.4,292.64,61.3,170.9,0,0
95.1,31.0,38.5,292.22,45.1,32.5,0,0
33.4,25.0,62.3,297.59,25.9,242.6,0,0
53.3,16.3,65.0,293.5,89.9,630.7,0,0
53.0,28.8,94.4,280.96,82.6,460.9,0,0
62.0,21.6,76.0,296.36,30.9,278.8,0,0
57.1,25.9,54.9,295.96,80.6,149.4,1,1
245.3,37.1,68.6,288.2,68.8,250.8,1,0
73.2,24.8,39.2,290.84,51.9,135.3,1,0
134.6,34.5,97.2,298.06,39.8,95.9,1,1
341.3,20.1,58.0,289.85,87.1,592.2,0,0
182.7,30.8,65.6,296.75,74.6,648.5,0,0
255.3,37.5,57.7,281.54,62.7,131.8,0,0
69.6,18.2,78.7,283.53,67.5,63.8,1,0
77.1,16.2,77.4,288.15,27.1,234.4,1,0
20.3,25.5,80.8,290.82,57.0,316.2,0,0
68.4,18.0,52.2,295.1,35.1,157.0,0,0
109.5,32.5,55.2,298.28,36.3,216.9,1,0
71.4,36.1,43.0,287.19,71.6,154.5,1,0
38.3,25.5,77.0,280.88,91.1,510.0,1,0
50.2,21.7,37.5,294.82,51.5,471.8,0,0
177.8,25.6,73.3,291.18,36.2,423.7,0,0
82.4,31.9,90.7,283.67,70.6,270.1,1,0
141.6,16.2,92.0,289.15,88.0,593.6,1,0
193.8,29.0,63.7,293.73,78.4,631.1,1,0
263.9,29.5,64.4,294.25,87.8,137.7,1,1
19.7,30.0,39.9,289.24,61.9,168.3,1,0
304.8,21.3,77.9,285.65,78.6,355.9,1,1
240.5,31.7,87.6,298.01,30.9,86.6,0,1
35.7,18.0,50.7,292.27,47.2,300.6,0,0
332.6,20.4,62.0,287.55,50.4,390.7,1,0
350.3,35.3,88.7,285.19,59.9,353.7,0,0
27.9,32.3,91.1,293.53,92.5,235.2,1,0
108.8,16.3,50.6,284.48,88.2,366.3,1,0
307.3,21.5,70.2,283.18,30.5,624.5,1,0
285.6,20.7,47.3,289.8,33.5,157.7,0,1
74.2,22.0,41.5,285.36,47.9,436.0,0,0
83.5,21.4,93.3,291.63,42.7,56.9,1,0
143.9,17.4,87.5,282.18,68.0,71.2,1,0
186.7,26.1,83.6,292.12,90.4,372.1,1,0
236.8,32.1,38.1,285.24,95.1,95.1,1,0
143.3,29.3,89.0,280.0,71.0,43.9,0,0
178.5,30.8,63.0,282.35,85.4,136.3,1,1
285.3,17.8,56.9,297.27,61.0,380.2,1,1
18.8,36.9,70.0,296.05,36.2,466.1,1,0
99.7,34.4,40.8,284.32,60.9,155.5,0,0
272.5,33.7,83.4,294.4,63.3,444.3,0,0
340.7,34.1,72.3,291.26,77.9,143.1,1,1
196.9,36.5,46.9,297.96,37.2,410.3,1,1
204.5,28.0,47.0,286.91,48.7,285.4,1,0
45.2,20.4,46.8,292.61,48.4,435.4,0,0
172.8,29.6,38.6,281.18,94.8,646.9,0,0
204.7,32.3,72.6,287.33,54.6,611.4,1,0
95.9,32.2,88.8,297.83,78.9,32.7,0,1
106.0,27.5,36.1,289.97,78.6,579.0,1,0
146.5,17.5,38.1,285.33,40.7,71.2,1,0
12.5,24.2,71.7,282.23,64.6,620.9,1,0
125.8,36.3,87.4,293.02,89.8,204.7,0,0
84.3,28.9,55.9,291.93,57.1,266.9,1,0
127.8,27.8,57.4,286.92,93.7,86.8,0,0
49.9,21.9,73.2,297.59,36.7,99.6,0,0
338.9,24.1,52.5,280.41,25.8,480.6,1,0
227.6,35.7,36.7,285.62,89.5,615.5,1,0
259.7,30.7,82.1,297.04,86.1,408.7,1,1
300.9,33.3,75.0,285.94,97.4,473.8,0,0
191.9,26.0,72.2,284.67,73.0,502.4,0,0
37.6,29.9,82.5,289.88,93.1,192.9,0,0
206.4,21.5,78.2,295.24,84.5,58.0,0,1
225.1,31.5,48.2,281.91,85.9,31.2,1,1
284.5,25.4,57.6,297.45,64.4,247.4,0,1
166.9,25.7,43.1,294.71,49.8,179.7,1,0
52.8,30.3,43.3,283.35,92.9,68.6,0,0
111.4,36.6,78.3,293.17,53.7,141.3,0,0
141.2,17.4,90.0,287.12,62.0,107.2,1,0
247.2,34.1,96.6,287.44,54.8,597.2,0,0
219.0,22.4,75.2,294.49,64.1,117.0,0,0
138.5,25.8,46.8,297.81,56.7,363.3,0,1
374.9,16.5,41.8,282.34,23.7,397.7,0,0
232.2,22.6,87.0,287.78,88.8,367.0,1,0
94.0,27.1,72.0,288.9,54.7,91.4,0,0
43.2,17.2,74.6,286.96,65.9,227.7,1,0
62.3,26.8,85.0,286.72,30.9,61.8,1,0
97.2,36.4,80.0,280.97,20.3,275.3,1,0
65.3,18.3,88.4,292.68,39.1,146.9,0,0
75.0,32.8,38.6,288.07,75.0,378.2,1,0
111.9,25.0,82.8,283.6,27.7,459.5,0,0
70.0,30.4,89.5,295.1,90.9,359.9,1,0
341.3,21.7,53.3,294.85,36.8,299.2,1,1
35.1,19.5,76.0,289.0,36.0,270.1,0,0
201.7,19.5,55.1,285.52,34.2,551.8,1,0
158.9,17.6,96.3,291.8,21.1,166.0,1,0
373.4,20.1,37.1,285.33,80.2,485.2,1,0
47.0,30.6,72.1,284.37,88.3,499.6,0,0
154.2,35.4,45.7,293.51,67.9,289.9,1,0
368.6,33.9,80.6,280.75,34.7,214.3,1,1
329.6,31.1,46.3,281.75,42.3,321.7,0,0
311.4,18.4,50.1,280.13,57.1,87.8,1,1
101.7,22.4,66.6,282.83,94.4,58.5,0,0
69.1,22.8,93.5,281.28,39.3,99.2,0,0
255.7,21.5,48.5,298.42,77.1,146.0,1,1
353.5,27.3,44.2,285.34,54.3,342.6,1,0
213.8,27.8,83.6,282.76,43.2,556.5,1,0
219.4,23.9,67.0,284.46,55.6,176.1,1,0
110.0,23.8,93.4,297.32,25.6,609.8,0,0
293.6,34.2,44.4,289.62,82.3,622.0,0,0
75.1,33.4,76.3,286.75,39.0,624.5,1,0
126.4,22.8,49.9,296.16,76.6,549.3,0,0
164.5,36.1,45.0,287.31,25.3,255.6,1,0
195.4,37.0,78.7,286.2,94.5,75.1,1,1
95.9,23.2,73.0,283.83,35.1,382.7,0,0
48.1,23.8,83.3,286.99,88.9,376.4,0,0
234.0,27.1,54.8,285.86,83.1,557.0,1,0
113.2,36.7,63.7,292.53,95.5,647.5,1,0
223.0,35.3,61.0,285.36,57.3,345.1,1,0
62.9,18.3,98.0,290.68,76.7,244.0,1,0
185.4,24.6,53.7,281.22,48.9,145.3,1,0
204.7,28.2,53.9,283.54,34.4,33.0,0,0
24.4,27.1,57.7,287.54,54.6,345.7,0,0
131.2,20.3,71.1,297.33,32.9,374.4,0,0
55.4,34.9,51.1,286.98,96.6,541.5,0,0
28.8,30.9,93.6,292.29,27.5,342.8,0,0
376.2,34.4,52.0,284.72,66.0,598.2,0,0
125.9,34.9,92.3,282.35,68.9,419.4,0,0
308.7,32.5,41.6,281.08,62.0,551.0,0,0
100.5,25.7,77.0,285.65,71.7,121.9,1,0
260.6,29.4,93.0,282.92,29.1,560.3,1,0
290.1,19.5,45.8,283.22,63.3,448.6,0,0
228.4,30.8,97.0,294.07,42.4,135.5,1,1
181.8,19.9,64.0,280.29,93.3,147.7,0,0
159.4,31.3,95.5,290.32,79.4,604.4,1,0
135.8,21.1,78.3,287.02,95.9,50.0,0,0
353.6,18.6,54.3,289.37,22.9,316.8,1,0
316.5,19.6,47.1,290.41,42.2,224.4,0,0
366.9,16.0,54.4,285.8,35.2,442.3,1,0
51.6,31.8,41.0,285.46,20.9,550.6,0,0
279.1,32.1,44.2,293.57,38.9,253.4,1,1
356.9,27.3,41.7,296.12,72.9,294.7,0,1
73.0,19.5,62.1,283.56,38.0,638.8,0,0
29.9,17.8,85.9,281.81,59.7,516.0,1,0
282.9,16.4,44.0,296.61,89.2,586.3,0,1
220.4,19.6,43.3,286.47,74.1,302.0,1,0
320.7,35.6,76.2,290.2,50.8,175.1,0,0
57.4,21.3,47.6,286.65,49.1,285.4,1,0
303.2,23.8,41.2,282.33,55.5,474.0,1,0
80.6,18.3,45.7,290.9,33.8,97.8,0,0
66.4,20.9,94.1,289.72,69.5,197.7,0,0
66.6,27.4,87.6,283.76,48.4,58.9,1,0
310.5,29.4,57.7,288.36,86.5,298.1,1,0
254.4,21.4,77.0,294.74,79.0,543.0,1,0
201.1,17.3,69.4,290.92,67.6,45.3,0,0
139.6,24.6,78.3,281.79,48.4,448.7,1,0
334.0,21.2,78.7,290.14,36.4,608.1,0,0
152.2,20.8,75.2,293.0,80.5,176.9,0,0
311.2,37.1,52.0,294.67,57.9,460.1,1,1
169.7,29.6,37.5,291.64,37.5,634.6,0,0
146.4,28.3,64.2,282.82,35.2,626.6,0,0
178.5,25.1,92.0,293.14,32.9,175.7,0,0
118.0,25.4,71.4,292.53,80.6,92.2,1,0
285.4,27.9,88.3,280.45,37.9,121.9,1,1
193.5,31.3,98.5,287.62,61.1,465.3,1,0
92.1,31.4,45.5,286.16,55.2,480.0,1,0
342.3,19.8,79.3,292.38,65.2,448.0,1,0
149.0,27.0,78.2,284.0,88.4,238.4,1,0
208.8,25.1,97.7,290.93,87.7,135.3,0,1
344.9,35.2,98.1,296.89,55.2,390.1,0,1
239.1,29.9,78.9,294.76,21.2,329.9,0,0
48.8,27.7,50.6,297.05,53.3,481.9,1,0
357.4,18.5,86.1,298.1,67.3,303.6,1,1
240.4,29.3,41.8,280.2,63.5,240.0,0,0
130.6,18.6,85.0,291.52,70.8,212.0,0,0
57.2,23.4,93.3,287.64,32.0,161.1,1,0
302.8,19.1,59.5,295.91,70.4,194.8,1,1
237.5,31.2,75.4,284.66,34.2,88.8,1,1
205.0,20.5,62.5,298.15,78.5,245.1,0,1
340.2,24.6,63.0,291.35,46.4,52.7,0,0
300.7,35.7,54.9,294.68,75.4,145.6,0,1
61.9,20.5,83.8,281.58,23.7,493.0,0,0
121.9,27.2,94.9,283.39,51.8,231.8,0,0
98.2,25.2,95.2,294.03,75.0,444.3,1,0
284.0,16.4,46.2,280.41,37.7,474.5,0,0
17.6,33.4,91.0,295.11,82.0,390.3,0,0
218.7,17.5,82.2,280.26,69.2,624.4,0,0
290.9,26.4,51.2,292.16,65.8,43.3,1,1
333.8,28.3,39.3,286.75,47.6,488.0,1,0
133.3,29.8,52.2,291.31,57.6,624.4,1,0
313.0,31.1,93.4,292.88,66.6,564.6,0,0
46.5,21.6,75.5,286.34,56.9,134.1,0,0
322.4,16.2,81.1,282.0,74.5,232.6,0,1
52.8,31.9,51.5,281.29,53.8,136.9,0,0
154.0,27.8,81.0,290.9,35.8,402.8,1,0
304.0,34.4,36.8,289.63,36.7,471.6,1,0
61.2,34.1,59.0,293.73,20.5,226.6,1,0
91.0,34.6,75.1,289.43,43.5,364.5,1,0
275.8,26.7,44.4,287.82,78.4,458.4,1,0
275.0,23.3,87.7,287.36,81.9,291.2,0,0
245.4,33.4,50.0,280.49,35.8,559.5,1,0
265.2,25.9,76.7,286.21,94.8,508.4,0,0
208.5,20.0,60.9,298.06,59.2,70.1,1,1
99.4,34.8,73.1,296.16,91.5,415.1,0,0
134.6,35.4,41.9,286.09,75.1,175.9,0,0
73.1,26.3,36.1,290.87,76.3,375.7,1,0
345.7,17.7,93.2,295.67,26.6,623.3,0,1
223.8,24.5,52.3,288.16,37.2,575.0,0,0
155.3,33.7,87.5,280.33,20.7,280.8,0,0
178.3,35.8,99.0,281.38,75.9,210.7,0,0
360.2,20.5,48.5,289.44,46.9,175.3,1,0
62.5,17.5,52.0,297.93,81.4,360.2,1,0
224.8,35.3,77.4,292.82,46.4,100.8,1,1
194.7,24.6,96.8,281.31,83.9,370.6,0,0
234.3,27.9,93.6,283.5,30.2,30.8,1,0
11.8,37.3,67.2,294.27,33.5,230.8,0,0
332.0,17.5,85.9,295.57,46.6,166.4,0,1
354.5,30.3,43.7,291.43,51.9,632.2,0,0
216.9,17.6,97.6,291.92,47.2,480.9,1,0
266.2,24.3,96.7,280.52,79.6,246.8,0,0
350.9,33.7,45.5,295.33,27.6,87.6,0,1
270.2,25.5,54.2,294.58,47.4,350.4,1,0
62.2,37.9,41.4,284.79,85.3,162.3,0,0
221.1,28.3,52.4,293.11,25.2,362.6,1,0
232.5,23.1,87.2,283.97,93.5,547.9,1,1
164.0,20.8,59.2,280.75,96.9,411.8,0,0
281.2,23.7,40.7,283.72,26.9,422.9,0,0
355.4,24.2,56.9,283.3,42.7,365.4,0,0
352.1,17.5,97.8,286.25,49.0,604.9,1,0
174.1,24.1,75.3,287.74,80.6,607.8,1,0
47.5,26.2,61.6,289.41,66.5,347.9,0,0
374.3,31.9,45.7,288.82,70.3,219.6,0,0
319.6,30.4,98.1,285.01,79.1,314.9,0,1
51.7,31.6,87.5,280.54,29.2,145.7,1,0
350.3,16.2,53.0,291.19,85.0,424.5,1,1
331.2,20.8,39.5,287.32,75.0,340.1,0,1
199.6,30.6,38.6,285.53,65.0,94.0,1,1
226.7,26.6,42.7,296.04,89.4,152.5,1,1
154.6,16.1,72.2,293.81,74.6,327.4,1,0
25.5,33.7,94.4,295.87,35.7,580.3,0,0
130.7,33.0,66.8,289.16,53.5,381.2,0,0
306.1,28.1,88.9,282.42,58.5,452.6,0,0
6.7,17.5,63.5,292.88,24.3,240.2,1,0
130.1,32.9,80.3,283.81,94.5,384.3,1,0
154.3,28.8,81.8,288.16,30.0,307.4,1,0
206.5,33.2,46.1,281.2,74.4,438.7,0,0
349.9,32.5,58.1,295.27,59.5,61.4,0,1
134.9,33.7,75.8,282.33,22.0,335.8,0,0
135.1,27.4,39.5,296.71,92.1,213.5,1,1
281.6,19.1,58.1,295.99,86.4,232.2,0,1
174.6,30.8,69.2,288.59,60.9,625.8,0,0
89.2,29.7,98.8,293.77,37.9,143.3,1,0
174.7,32.3,65.4,291.46,29.5,223.0,0,0
57.8,19.7,87.2,294.86,48.3,346.1,1,0
71.1,20.3,62.7,287.99,39.9,565.1,0,0
191.9,35.6,86.0,294.54,59.5,288.3,1,1
162.1,32.5,73.1,288.56,95.4,491.2,1,0
348.1,36.0,91.7,297.41,64.8,561.0,1,1
140.9,32.7,61.3,289.0,89.4,222.2,1,0
222.7,29.1,73.7,288.56,70.8,273.5,1,0
242.1,30.4,75.3,294.52,57.1,251.1,1,1
9.9,35.6,61.7,295.2,86.7,546.4,1,0
253.8,28.7,44.2,290.26,56.8,57.5,1,0
71.8,29.9,41.0,283.33,87.8,221.2,0,0
365.4,19.4,36.1,288.65,42.7,451.2,0,0
60.7,26.4,90.9,297.91,30.0,380.6,0,0
160.5,31.8,50.1,293.93,86.7,300.5,1,0
37.0,22.0,48.5,295.01,65.8,364.8,1,0
378.8,20.4,82.1,280.61,89.3,152.5,1,1
193.3,22.9,55.5,288.66,93.2,297.0,0,0
228.3,21.3,67.4,291.96,24.2,341.1,0,0
30.2,20.7,45.4,295.36,59.1,588.7,0,0
286.2,25.3,96.4,280.91,49.2,191.7,1,0
83.7,36.0,89.5,295.77,68.8,568.1,0,0
341.8,27.2,90.3,290.15,81.9,429.4,1,1
81.9,20.1,61.0,283.65,41.9,42.6,0,0
76.5,17.7,83.8,285.87,63.4,479.3,0,0
18.7,31.3,44.2,285.22,75.3,52.0,1,0
182.0,24.4,35.6,289.82,30.5,648.4,1,0
216.8,34.1,36.3,280.96,83.5,571.0,0,0
29.6,30.5,72.5,282.93,67.3,214.4,1,0
295.8,33.5,64.1,295.03,94.1,189.6,0,1
175.0,22.0,68.2,282.45,46.5,266.5,1,0
201.6,31.2,35.5,284.32,28.4,250.8,1,0
170.3,21.8,62.1,288.39,59.5,260.8,0,0
155.3,36.7,81.0,289.57,26.7,227.3,1,0
214.9,30.0,63.3,294.13,95.6,415.1,0,0
63.2,23.1,81.9,288.28,23.0,131.8,1,0
73.2,21.9,49.9,294.61,78.8,554.5,1,0
328.2,20.2,87.0,291.44,61.0,533.7,1,0
359.8,31.3,72.7,282.09,48.8,325.4,0,1
145.0,20.8,48.5,282.89,25.1,558.7,0,0
106.5,29.1,50.2,288.09,68.5,183.2,0,0
246.5,21.8,75.2,287.34,65.6,40.9,1,1
158.3,30.6,88.1,293.76,41.9,413.9,1,0
14.5,33.9,61.6,290.74,91.0,313.9,1,0
63.6,33.1,51.5,287.18,43.7,381.6,1,0
273.5,32.7,90.5,283.16,55.1,587.6,0,0
252.1,20.1,77.8,284.2,62.4,631.4,0,0
15.2,17.9,63.7,290.65,27.8,423.4,0,0
88.2,31.4,66.2,287.83,92.7,503.7,0,0
91.7,24.1,48.1,289.53,49.2,82.0,0,0
257.0,25.5,75.1,283.16,26.3,129.6,1,0
12.4,16.7,58.0,292.26,50.2,484.6,0,0
44.0,21.7,98.7,295.77,66.8,297.4,0,0
305.0,16.7,65.7,284.77,60.1,306.5,1,0
72.0,35.3,66.1,289.09,74.2,221.3,0,0
249.8,21.4,71.2,298.05,24.3,406.6,1,1
94.3,28.3,93.7,286.16,42.2,144.8,0,0
42.3,16.9,86.3,291.01,83.9,418.7,1,0
96.2,30.7,63.9,281.67,26.2,137.8,1,0
275.9,23.1,81.0,291.21,86.7,69.6,0,1
325.9,35.8,72.5,281.66,27.2,234.8,1,0
316.3,35.5,66.5,297.75,85.1,173.3,1,1
153.9,23.2,47.3,293.24,48.1,581.2,1,0
255.5,35.8,64.7,294.58,67.8,64.1,0,1
81.9,37.9,50.7,293.03,31.9,139.5,0,0
114.9,34.2,93.5,290.91,25.2,370.2,1,0
341.1,34.6,56.5,288.32,36.8,328.3,1,0
9.9,21.5,95.9,295.88,30.0,58.4,0,0
37.1,28.7,69.1,297.7,44.4,34.5,0,1
83.0,17.5,75.4,289.23,60.1,642.6,0,0
14.9,18.1,69.7,297.23,65.9,438.5,0,0
73.0,38.0,43.3,290.79,81.6,256.6,0,0
223.6,23.2,59.1,289.96,71.2,321.7,0,0
163.0,32.5,41.3,288.41,67.5,195.3,0,0
339.8,33.7,74.9,283.87,52.1,243.8,0,0
311.5,34.9,63.6,280.07,57.0,432.4,1,0
133.2,37.9,84.8,284.47,52.3,577.3,0,0
102.3,21.3,49.1,289.43,85.7,144.2,0,0
147.4,16.9,45.5,287.03,37.9,551.0,0,0
226.4,25.0,61.0,288.3,20.4,105.4,1,0
105.5,18.9,94.3,298.14,70.8,163.3,1,1
239.1,16.5,80.5,286.48,35.8,53.0,1,0
158.5,23.9,61.8,288.37,89.4,117.3,0,0
212.0,33.2,68.1,282.47,87.0,598.7,1,0
168.5,28.5,40.4,280.89,26.0,314.9,0,0
115.4,22.9,98.0,294.35,28.3,78.2,0,0
360.7,30.4,77.7,290.56,58.6,625.0,1,0
291.4,21.1,53.3,294.07,67.5,575.0,1,0
57.5,16.3,72.5,282.77,41.4,497.9,1,0
330.7,32.8,42.0,290.58,75.9,608.8,1,0
187.8,29.7,96.8,284.69,66.4,166.5,1,0
340.5,32.8,46.2,284.22,45.3,548.5,0,0
304.9,16.9,76.5,280.21,22.0,457.8,0,0
164.5,34.4,50.7,282.41,78.5,569.3,0,0
13.4,29.6,80.9,285.72,36.8,524.1,1,0
105.8,28.4,84.7,282.16,85.1,244.8,0,0
208.1,29.7,78.1,298.24,52.8,510.1,1,1
242.6,35.0,74.3,285.71,65.0,192.7,0,0
101.7,28.9,92.1,282.41,88.1,233.7,0,0
57.3,28.8,40.0,283.68,87.4,96.9,0,0
318.1,37.8,56.2,290.87,49.0,609.7,0,0
374.2,32.6,50.9,281.18,36.3,210.4,1,0
202.1,25.7,98.2,295.96,80.5,352.8,0,0
69.4,31.6,59.9,297.79,53.8,272.6,0,0
107.1,24.6,81.9,284.56,35.0,625.2,0,0
11.9,21.0,78.8,288.33,90.5,237.7,0,0
347.9,29.1,48.6,280.41,35.5,512.7,0,0
49.2,36.4,50.3,291.85,22.0,560.4,0,0
221.2,36.4,53.0,287.66,21.6,300.1,1,0
107.8,23.5,61.3,285.0,68.5,264.5,0,0
212.8,27.6,50.0,283.83,71.6,493.6,0,0
249.3,20.7,36.3,292.1,44.3,596.0,1,0
316.2,37.9,91.3,287.7,45.0,498.1,0,0
82.4,37.6,96.8,283.32,46.5,170.8,0,0
9.1,30.3,56.9,292.75,73.1,580.8,1,0
56.3,33.7,56.7,290.45,24.5,270.3,0,0
342.5,31.7,35.5,295.89,92.5,387.3,1,1
332.7,29.0,78.5,282.17,37.4,545.5,1,0
229.0,17.2,87.8,294.53,98.0,146.8,1,1
230.2,26.0,44.4,292.46,33.4,516.4,1,0
254.4,30.8,45.2,282.13,80.2,399.6,0,0
70.8,30.9,85.6,292.85,37.4,583.9,0,0
347.9,24.2,74.4,288.17,26.3,136.6,0,0
162.0,36.7,37.9,297.48,88.2,290.8,0,1
148.7,19.7,74.8,282.62,87.0,546.4,1,0
199.6,27.0,54.8,291.89,51.5,41.9,1,0
22.6,31.2,58.6,287.07,74.8,99.6,1,0
67.4,31.3,84.3,297.7,63.5,644.2,1,1
281.8,30.3,86.9,286.1,86.5,203.8,0,1
36.0,22.1,60.6,297.8,44.6,634.8,1,0
231.2,19.4,95.6,296.68,60.8,143.2,1,1
97.0,30.0,61.0,285.0,57.9,253.9,1,0
151.0,29.2,84.4,294.87,47.6,496.8,0,0
113.3,19.9,66.0,298.42,89.5,437.8,1,0
138.4,31.5,92.4,284.67,32.9,390.3,0,0
274.6,26.0,93.1,288.08,31.7,358.5,1,0
116.4,30.7,40.6,289.62,65.0,552.9,1,0
217.4,34.4,94.9,285.46,71.3,175.7,0,0
183.5,19.7,87.8,280.28,35.2,304.3,1,0
253.9,16.4,85.6,284.07,50.5,126.4,1,1
356.3,33.1,47.9,285.22,93.8,399.5,0,0
279.7,29.4,86.5,288.21,39.2,185.3,1,0
85.6,31.4,89.4,283.17,72.1,237.0,1,0
16.7,34.4,53.5,296.16,77.7,322.2,1,0
103.3,33.7,95.9,293.04,55.0,46.6,1,0
228.2,37.1,38.2,281.58,93.1,87.0,1,1
24.3,27.8,44.6,292.03,77.5,455.3,1,0
191.1,26.7,69.4,292.09,55.7,296.0,0,0
228.8,24.8,71.9,297.69,64.4,566.2,0,1
130.3,19.4,76.3,280.06,74.0,460.7,1,0
294.1,28.6,36.1,284.59,66.2,35.0,1,0
45.0,22.1,96.5,297.16,88.5,412.4,1,0
33.2,36.3,37.9,297.24,47.8,88.1,1,0
278.1,28.8,44.2,293.33,43.4,514.2,1,0
190.8,29.0,35.9,294.17,36.7,644.7,0,0
263.2,23.8,71.3,281.69,22.9,359.3,1,0
168.1,17.1,94.7,289.51,23.4,453.3,0,0
97.4,16.7,77.6,284.28,87.9,177.1,1,0
312.2,25.3,87.7,283.35,72.9,301.3,1,1
304.8,17.9,35.8,294.99,71.5,560.8,1,1
265.5,29.4,69.7,282.5,67.9,133.8,0,0
107.1,35.4,64.4,288.67,86.2,194.6,1,0
226.3,35.4,66.9,297.36,57.5,306.2,1,1
140.4,30.5,39.6,283.44,87.9,471.6,1,0
39.3,20.6,78.8,298.09,48.0,263.0,0,0
349.0,35.0,67.2,298.39,92.3,605.2,1,1
56.3,35.5,84.0,290.28,74.5,88.6,1,0
361.3,20.3,66.1,283.15,40.1,259.9,1,0
172.3,32.2,44.6,285.85,64.0,469.6,1,0
74.4,22.3,76.5,287.85,61.6,170.1,0,0
208.2,33.7,46.0,285.72,30.8,437.0,0,0
332.4,37.9,90.8,285.19,66.1,131.8,1,1
279.6,16.7,74.2,297.99,44.6,64.7,0,1
307.5,35.7,45.1,282.84,24.1,105.0,1,0
252.0,29.7,96.6,293.57,94.0,606.6,0,1
264.6,37.4,68.2,280.01,70.0,372.1,1,0
323.4,26.2,39.7,291.03,88.4,523.7,0,0
98.6,34.6,75.1,296.94,72.7,236.2,1,1
188.5,17.4,51.2,285.33,47.8,397.4,0,0
88.0,23.4,86.4,283.43,60.0,336.9,0,0
375.4,17.5,87.3,292.06,72.7,616.4,0,0
359.0,37.5,97.7,293.18,94.9,493.5,0,1
19.8,34.0,67.1,292.73,39.8,482.9,1,0
269.6,34.8,64.1,285.91,88.2,58.7,0,0
352.0,36.6,83.2,284.67,92.1,370.8,1,1
72.7,17.9,43.5,297.68,72.3,319.5,1,1
218.0,24.5,70.0,297.08,92.6,605.3,1,1
348.3,17.6,70.0,288.46,51.0,189.6,1,1
17.7,20.6,40.7,295.65,94.3,197.3,1,0
266.5,21.0,61.8,288.37,74.8,285.0,1,0
116.5,26.3,89.6,287.85,23.3,180.9,1,0
351.6,21.9,89.8,282.9,90.7,110.1,0,1
369.1,18.2,41.4,287.89,57.8,561.6,0,0
359.1,19.7,40.8,289.94,55.9,376.1,1,0
182.8,19.2,51.8,280.42,64.2,564.0,1,0
328.3,37.4,91.0,288.22,31.7,545.3,1,0
321.7,32.7,43.2,294.46,56.6,204.9,1,1
124.7,37.3,81.1,292.58,84.8,369.6,0,0
315.8,25.7,41.5,291.75,21.2,81.6,1,0
18.9,22.1,74.9,296.83,41.3,597.5,1,0
228.6,33.6,57.8,280.33,20.2,280.6,0,0
91.3,23.2,85.5,290.31,52.4,274.1,1,0
50.2,22.6,50.0,294.57,76.8,217.7,0,0
33.9,21.1,75.9,290.01,82.3,315.6,1,0
266.1,18.9,50.1,285.99,93.7,186.1,1,1
132.5,21.6,80.7,282.52,67.5,262.4,0,0
276.8,23.8,90.9,296.42,39.9,526.0,1,1
29.5,30.8,43.1,288.71,92.1,547.2,1,0
123.2,17.4,90.5,296.25,80.5,218.6,0,0
207.3,20.6,73.0,290.84,64.8,320.8,0,0
301.5,33.8,43.1,292.47,74.3,571.8,1,0
124.5,19.2,62.4,294.88,92.1,62.7,0,1
239.7,23.5,45.3,292.19,75.6,581.3,1,0
337.2,35.0,79.8,287.36,48.7,165.9,0,0
235.9,19.4,83.6,289.5,75.6,450.7,1,0
92.4,17.8,41.8,294.86,23.1,391.2,1,0
14.2,26.7,67.4,286.91,50.1,372.8,0,0
331.3,22.7,87.1,287.18,51.7,562.8,1,0
13.0,28.4,94.9,281.77,33.0,93.0,1,0
333.0,33.7,67.9,296.92,21.8,245.2,1,1
203.4,19.0,95.8,281.68,30.4,363.7,1,0
357.2,28.8,69.3,291.99,71.1,533.0,1,0
304.5,27.1,60.2,287.64,82.6,164.2,1,1
379.2,19.2,89.3,287.5,97.1,527.8,1,1
136.5,29.7,66.6,292.57,47.0,277.8,1,0
292.7,22.0,65.2,281.24,66.8,147.1,0,0
155.7,26.7,66.4,290.98,93.1,500.6,1,0
185.0,17.8,89.2,294.28,33.0,86.4,0,1
240.3,26.1,88.2,295.32,76.0,349.2,0,1
332.6,22.7,60.8,283.15,78.9,69.6,0,1
374.0,34.1,56.3,296.6,26.9,251.0,0,1
293.1,17.3,66.5,292.14,87.2,402.7,0,1
161.7,25.2,71.7,296.31,83.4,374.8,0,1
163.0,26.1,50.3,288.98,22.6,280.9,0,0
281.6,32.0,85.8,290.03,27.1,296.0,1,0
94.5,28.6,66.1,297.0,23.8,170.6,0,0
46.4,30.7,56.4,296.65,46.1,312.6,0,0
138.0,33.1,41.8,288.29,59.7,621.0,0,0
112.7,35.0,50.3,285.08,61.5,557.3,0,0
116.1,22.9,95.8,287.27,40.9,120.0,0,0
92.6,27.8,54.5,287.17,91.1,48.5,1,0
20.8,34.5,45.8,285.31,48.7,608.8,1,0
11.7,37.8,64.5,284.97,23.6,356.6,1,0
375.4,35.6,54.7,295.93,43.4,363.5,1,1
165.4,24.2,37.3,281.29,61.4,514.0,0,0
149.1,20.3,55.7,292.54,51.8,225.1,0,0
259.9,26.8,69.8,283.2,41.4,328.8,0,0
86.8,32.3,70.3,286.37,30.2,630.6,1,0
361.2,26.8,57.8,281.14,83.9,446.7,0,1
299.9,26.6,63.6,284.99,97.7,125.3,1,1
38.5,34.4,96.8,294.22,45.7,112.6,0,0
161.6,24.0,59.2,296.37,49.8,156.6,0,1
334.7,34.9,51.5,284.1,68.2,505.4,1,0
359.3,24.9,50.6,288.58,76.0,213.1,1,0
180.3,23.2,64.3,288.7,50.6,43.3,1,0
235.0,26.0,83.6,296.16,90.6,615.4,1,1
67.6,32.8,48.2,294.11,63.7,135.2,1,0
376.7,18.8,80.4,289.49,55.1,35.9,1,1
91.9,20.3,36.4,292.41,70.4,177.0,1,0
358.5,36.9,61.8,295.68,94.3,175.7,0,1
248.6,19.9,84.7,280.18,82.0,291.6,1,0
232.9,28.5,56.7,287.45,23.1,600.6,1,0
197.3,28.7,71.1,296.78,45.9,575.1,0,0
91.5,26.8,48.1,293.7,56.7,313.3,1,0
71.2,30.2,82.5,290.04,44.5,284.8,1,0
87.7,21.1,38.3,289.8,74.6,374.1,1,0
74.9,28.2,89.6,286.43,84.4,180.9,0,0
297.3,24.2,47.7,289.63,77.0,62.4,1,0
136.3,30.6,91.0,292.12,97.2,612.3,1,0
26.7,19.1,57.6,287.74,41.3,145.8,1,0
368.4,28.6,81.3,293.21,88.2,153.0,0,1
336.4,20.1,55.4,295.93,79.8,322.9,1,1
352.9,22.1,93.0,282.86,48.2,334.8,0,0
378.1,20.8,43.1,288.35,77.3,41.4,1,1
70.2,20.0,46.4,287.55,28.1,121.7,0,0
153.6,34.2,66.6,292.72,81.6,264.5,1,1
289.3,22.3,40.2,284.62,61.5,453.9,1,0
266.0,36.4,47.5,291.84,42.8,171.6,0,0
62.7,37.3,95.4,296.23,71.2,292.3,0,0
310.9,28.6,97.5,287.74,70.0,375.6,0,1
89.2,19.1,59.1,296.85,36.3,580.9,0,0
88.9,24.2,94.1,298.37,22.4,232.2,0,0
206.4,33.6,69.9,281.96,53.8,112.8,1,0
227.4,24.1,52.3,284.31,64.4,333.3,1,0
222.5,17.9,80.0,297.58,88.4,493.0,1,0
39.3,28.2,77.2,297.73,92.4,98.1,1,1
334.0,34.6,98.3,281.81,61.2,293.3,0,1
104.6,33.5,52.0,280.28,78.8,41.0,0,0
53.6,19.9,78.0,282.98,54.3,50.8,0,0
338.3,30.8,38.3,298.43,78.2,329.4,1,1
363.4,20.9,42.3,283.33,36.0,214.9,1,1
328.3,20.8,35.3,289.3,48.9,554.0,0,0
308.6,35.2,99.0,295.7,69.5,403.3,0,1
250.7,21.5,86.3,280.38,21.4,311.4,1,1
211.6,21.8,85.4,291.18,76.4,282.9,1,0
37.6,16.0,67.6,285.12,85.2,338.3,1,0
158.2,35.2,54.2,295.95,51.1,55.1,0,1
144.8,33.4,44.7,285.24,54.9,583.5,1,0
102.4,29.8,53.2,292.7,86.4,648.9,0,0
276.3,32.5,59.1,292.47,80.5,142.5,1,1
191.0,19.3,83.4,284.1,42.5,104.6,1,0
35.4,26.1,69.5,280.64,45.3,119.0,1,0
87.6,23.7,40.0,287.57,73.0,439.8,0,0
261.2,18.1,36.2,285.35,63.9,440.1,0,0
33.5,26.7,41.5,294.97,32.7,555.7,1,0
324.2,36.3,61.3,294.81,44.2,496.1,0,0
190.7,16.9,94.7,288.45,90.2,308.8,1,0
185.2,22.4,75.8,291.22,73.7,410.0,1,0
227.2,20.6,86.3,291.18,96.9,456.7,0,1
314.3,21.2,64.8,295.3,79.8,347.9,1,1
135.4,36.0,58.1,287.86,93.5,324.9,0,0
259.3,26.3,41.9,285.1,36.9,430.0,1,0
217.1,26.3,91.1,284.9,80.2,375.6,1,0
105.1,32.7,85.1,289.92,21.6,429.2,1,0
334.5,19.4,45.8,288.31,72.3,410.0,0,0
304.0,26.7,67.8,288.14,56.6,475.9,1,0
251.9,25.5,66.2,281.69,47.0,428.5,1,0
324.0,29.1,75.0,293.29,87.3,352.2,0,1
330.2,38.0,95.6,283.95,86.6,452.7,1,1
270.6,32.9,72.1,283.64,21.7,308.7,1,0
318.9,24.8,69.6,287.64,67.5,179.8,1,0
266.6,34.2,38.2,284.21,48.7,30.9,1,0
260.1,19.8,39.0,290.8,52.4,377.2,0,0
237.0,16.7,47.0,286.87,84.9,396.2,1,0
287.3,20.5,37.1,288.3,44.2,632.7,0,0
64.5,23.5,82.6,289.94,93.6,254.1,0,0
335.3,27.2,81.3,283.77,34.0,274.4,0,0
331.9,29.5,43.7,282.88,71.7,155.1,0,1
16.0,36.0,88.5,296.29,72.4,73.7,0,0
314.7,27.2,44.9,288.02,39.7,509.1,1,0
53.3,27.0,54.3,287.62,45.3,184.8,1,0
130.7,17.1,50.9,280.66,85.1,407.5,1,0
283.8,16.8,58.8,289.21,79.4,456.4,0,0
65.3,28.1,51.3,290.25,45.7,322.2,0,0
311.7,25.6,66.3,290.34,61.6,573.3,1,0
317.1,34.5,61.1,293.08,24.8,305.2,1,1
195.3,19.5,98.1,283.28,36.3,206.6,1,0
7.4,16.5,38.6,284.67,57.9,585.5,0,0
112.6,25.9,44.1,295.0,26.7,564.2,1,0
236.3,21.2,38.4,297.52,85.8,131.7,0,1
372.9,17.1,75.1,282.51,76.0,46.1,1,1
241.9,31.9,38.5,289.21,93.6,85.8,1,0
102.4,18.5,88.5,283.96,74.1,207.7,1,0
242.8,29.4,67.8,281.11,93.4,632.8,1,0
207.5,22.2,68.7,286.02,63.3,376.3,0,0
297.4,19.8,70.9,282.66,66.8,261.4,1,0
45.1,24.4,45.9,293.13,96.2,581.0,1,0
290.4,33.6,47.7,289.87,70.1,310.9,1,0
208.0,24.6,55.4,282.66,22.4,225.4,0,0
366.1,32.5,73.0,280.17,76.5,613.6,1,1
133.2,18.8,48.4,294.95,90.6,556.7,1,0
242.2,33.0,42.4,283.26,82.1,553.1,0,0
354.5,21.2,97.1,291.22,65.5,347.6,0,0
43.4,30.9,36.4,286.23,72.4,519.5,0,0
356.5,28.4,86.4,290.83,97.2,141.2,1,1
263.0,36.4,85.4,285.84,27.1,385.4,0,0
30.4,24.5,54.0,281.61,72.0,640.0,1,0
117.9,17.5,43.7,284.12,42.1,210.4,1,0
270.6,16.4,44.3,283.48,69.9,522.5,1,0
30.3,34.2,79.6,287.92,67.4,334.1,1,0
223.3,27.5,76.1,292.18,32.0,54.7,0,1
134.7,33.1,85.1,284.88,36.1,503.1,1,0
237.8,21.2,95.0,280.22,68.5,134.5,1,0
22.2,23.6,79.3,289.6,30.0,421.5,1,0
331.8,16.7,45.0,291.21,40.7,83.1,1,1
370.1,37.2,50.6,297.81,85.1,617.1,1,1
368.3,30.7,88.9,290.91,45.5,210.9,0,1
286.1,36.5,48.4,288.72,58.1,170.4,1,0
53.8,21.8,39.6,290.61,93.4,110.1,1,0
289.3,29.5,80.0,297.17,37.7,616.5,1,1
14.2,30.9,60.8,295.32,50.4,471.4,1,0
13.3,23.0,93.9,285.98,67.3,489.8,0,0
126.4,34.7,76.6,284.39,78.9,339.6,1,0
188.2,36.8,40.8,284.86,90.3,324.3,1,0
293.9,35.5,95.7,289.33,91.4,98.2,0,1
261.2,32.3,51.5,293.76,80.6,377.1,1,1
172.2,22.1,56.6,289.31,37.8,183.1,0,0
107.6,22.2,60.7,281.25,21.9,635.8,1,0
378.9,37.2,38.3,293.39,49.9,523.9,0,0
164.8,16.2,66.8,294.91,31.0,286.1,1,0
174.3,31.8,42.9,285.36,75.4,123.8,0,0
66.4,31.5,60.7,292.29,71.6,516.9,1,0
303.1,29.7,57.4,287.89,23.4,105.7,0,0
265.1,37.8,84.5,296.45,85.3,147.4,0,1
87.8,22.9,86.4,295.64,39.4,161.1,1,0
35.9,23.5,44.8,289.72,53.7,375.3,0,0
260.2,17.7,58.5,292.79,72.1,518.0,1,0
250.4,25.7,58.9,296.34,53.5,224.9,1,1
107.5,21.7,44.7,289.17,54.4,82.5,1,0
361.6,23.6,86.1,285.8,25.1,318.0,1,0
61.6,34.4,80.3,293.94,51.3,493.8,0,0
167.1,36.6,47.2,284.07,79.7,167.4,0,0
358.9,20.1,58.5,287.19,91.4,166.4,1,1
162.4,24.2,41.8,296.02,52.3,617.3,0,0
244.4,36.4,75.2,293.4,53.0,621.6,1,0
154.1,17.4,42.8,287.47,74.8,644.1,0,0
107.8,18.0,98.1,283.97,93.5,530.7,1,0
374.0,19.6,85.0,286.59,40.8,146.7,0,0
158.5,29.1,60.0,285.26,54.3,161.4,1,0
340.3,19.3,72.0,283.26,82.1,240.9,0,1
91.2,37.3,93.3,293.75,67.6,227.2,0,0
84.9,25.8,70.5,284.66,28.6,623.0,1,0
16.7,27.0,46.2,288.4,69.0,519.2,0,0
249.4,21.4,59.2,287.14,34.6,478.9,1,0
143.2,26.4,89.0,298.17,59.8,145.3,1,1
329.1,30.6,76.2,287.24,61.3,593.9,0,0
182.5,32.5,76.6,281.48,88.3,543.3,1,0
368.1,32.6,90.5,281.66,56.1,131.5,1,1
74.6,28.7,92.2,290.93,41.8,570.1,1,0
330.7,35.9,93.9,291.09,38.0,198.8,1,0
296.2,34.0,41.1,287.75,88.2,80.1,1,1
294.1,32.7,69.8,287.99,33.3,437.2,0,0
321.8,17.2,82.4,281.0,53.2,435.4,0,0
290.4,16.2,83.4,289.56,34.6,88.9,1,0
239.8,20.7,73.8,289.34,80.3,227.7,0,0
54.2,30.6,45.7,282.77,57.0,645.5,0,0
17.2,25.0,86.0,281.92,47.4,450.6,1,0
350.3,24.9,81.1,282.29,48.2,482.6,1,0
236.2,35.5,40.5,281.87,86.5,162.0,0,0
303.7,35.7,64.7,291.28,63.2,78.8,0,0
185.6,36.0,46.1,283.63,76.0,201.7,0,0
49.0,22.9,56.6,284.65,90.0,184.3,0,0
51.9,31.2,36.2,283.21,90.3,175.4,0,0
262.1,22.0,60.6,297.72,45.6,149.5,0,1
166.4,20.2,70.2,295.81,94.3,386.3,1,1
80.2,20.1,74.7,284.26,21.9,233.4,1,0
189.3,23.5,77.5,286.06,49.4,538.6,0,0
29.1,25.5,88.5,283.88,89.9,144.0,0,0
223.2,34.3,48.8,289.1,41.4,318.1,1,0
105.9,18.6,42.7,280.36,41.3,38.5,0,0
304.1,32.2,89.5,292.42,43.6,328.6,1,1
121.4,27.7,45.0,289.68,67.8,64.6,1,0
175.7,22.3,97.4,296.62,54.2,636.2,1,0
9.4,26.8,88.9,283.04,76.7,520.2,0,0
32.2,22.6,67.1,294.88,89.8,333.9,1,0
152.2,29.1,97.8,294.65,72.6,83.7,1,1
185.0,25.5,41.2,282.35,35.9,397.3,1,0
230.0,19.6,54.4,287.37,92.7,500.4,1,0
114.4,18.6,75.8,283.15,40.6,148.2,0,0
265.6,28.0,57.4,284.71,31.7,382.3,0,0
327.5,35.9,94.4,284.87,27.0,534.8,1,0
297.4,23.6,39.2,290.29,63.9,506.3,1,0
19.9,32.1,70.2,287.61,28.9,527.9,1,0
185.2,30.5,72.8,297.53,30.8,575.2,1,0
44.3,36.5,76.8,282.34,43.4,611.4,0,0
95.8,34.1,51.4,298.01,42.0,281.4,0,0
375.0,28.5,58.3,284.27,67.1,382.6,1,0
58.4,30.5,89.0,294.3,83.7,520.2,0,0
192.1,35.8,47.5,286.27,79.4,462.2,1,0
236.8,24.8,87.9,282.65,40.5,647.2,0,0
268.4,23.2,71.0,295.87,39.1,38.5,1,1
214.9,16.2,83.8,285.71,95.3,250.2,1,0
8.7,34.2,80.7,292.19,20.6,204.2,1,0
127.4,33.6,48.3,290.48,88.6,192.6,0,0
199.1,18.3,71.4,288.73,35.6,168.0,1,0
37.9,28.7,90.5,289.17,93.9,469.7,1,0
136.5,26.2,62.7,293.55,46.7,82.6,1,0
17.5,18.6,96.9,281.62,54.3,489.8,0,0
34.5,37.6,63.9,292.36,75.2,459.9,0,0
153.8,20.7,44.1,296.57,65.8,185.5,0,0
54.8,17.5,59.9,281.07,44.8,186.8,0,0
217.8,29.1,95.9,282.6,63.2,419.9,1,0
263.5,32.3,55.5,293.26,77.0,502.5,1,0
305.2,16.7,90.6,288.09,23.3,573.4,0,0
80.1,30.5,91.4,287.47,20.9,558.3,0,0
67.8,27.7,57.4,282.53,55.7,628.2,0,0
44.2,18.3,40.3,289.38,30.3,390.5,1,0
243.7,19.8,81.4,282.34,71.8,593.4,1,0
269.9,28.5,54.9,288.82,36.7,531.3,1,0
16.8,22.5,85.1,294.13,53.8,584.7,0,0
356.1,36.6,63.3,284.78,35.4,37.2,1,1
24.5,34.0,66.1,288.89,62.8,628.9,0,0
208.0,37.6,84.8,298.35,29.1,323.6,0,1
270.9,21.7,59.5,292.7,21.8,524.9,1,0
331.6,37.3,63.4,295.57,24.0,108.9,1,1
272.8,25.5,59.1,287.67,94.4,275.5,0,0
305.6,23.6,58.5,294.21,31.1,198.3,0,0
132.3,17.1,68.7,280.75,75.3,210.8,0,0
310.6,17.2,86.8,282.27,25.3,106.4,0,0
35.0,31.2,58.2,283.76,28.4,529.6,1,0
340.6,26.1,68.6,287.44,59.7,35.7,1,1
210.3,21.0,77.9,295.65,56.3,223.8,0,0
311.5,29.5,52.2,286.41,94.2,138.1,0,1
174.6,21.6,52.8,292.11,93.7,395.2,0,0
246.3,28.7,94.7,293.12,80.8,187.6,1,1
202.4,23.9,81.3,290.84,67.0,190.6,0,0
279.3,34.1,71.9,286.61,55.5,332.8,1,0
35.6,34.1,76.5,290.68,47.8,434.7,0,0
27.6,26.5,36.9,286.33,93.9,105.2,1,0
97.7,23.7,74.6,281.55,67.0,138.8,1,0
64.8,24.0,67.6,298.37,65.2,183.2,1,1
331.9,33.7,69.9,282.35,38.1,633.7,1,0
87.2,23.2,58.0,281.34,23.6,276.2,1,0
370.9,20.6,40.2,296.25,93.7,401.4,1,1
131.3,17.9,47.4,285.58,44.5,179.8,0,0
73.3,26.3,95.8,292.03,54.5,334.1,0,0
301.1,26.6,61.2,286.09,28.9,76.0,0,0
252.0,34.5,64.9,287.24,85.3,51.5,1,1
191.8,20.9,38.4,284.85,22.2,320.6,1,0
213.3,24.4,37.4,286.35,85.1,277.2,0,0
274.7,33.8,80.9,287.6,30.9,114.9,1,1
90.7,34.1,69.4,293.33,89.2,456.3,1,0
378.6,24.5,67.6,289.46,76.9,645.6,1,1
370.5,26.1,50.6,297.46,32.8,275.3,1,1
248.9,22.7,82.7,280.77,64.1,417.2,1,0
79.8,36.5,45.8,289.31,44.4,627.0,0,0
260.1,18.6,47.2,290.81,33.9,545.6,0,0
32.1,36.5,64.5,297.02,87.0,317.4,1,0
16.5,31.0,53.3,280.91,51.5,487.2,0,0
101.6,27.7,50.8,290.61,51.1,109.4,0,0
178.5,16.7,76.3,295.79,33.3,347.5,1,0
330.6,26.5,76.7,284.48,49.9,203.0,1,1
277.7,25.0,87.8,296.21,88.0,129.9,1,1
283.5,19.5,61.7,280.35,48.3,294.3,0,0
164.6,30.4,39.7,293.55,94.2,111.2,1,1
134.7,37.4,52.5,297.26,93.8,463.4,0,0
144.1,28.4,97.7,292.16,31.3,312.9,0,0
375.4,31.7,73.2,288.12,33.8,359.3,1,0
20.0,17.5,80.4,280.83,87.3,120.8,0,0
330.1,25.2,35.5,297.02,50.6,116.7,0,1
222.0,18.6,68.2,288.7,20.3,391.7,1,0
169.5,29.5,37.4,280.54,41.4,640.7,0,0
277.0,36.6,71.4,292.76,66.6,89.7,1,1
187.5,30.6,93.9,288.91,82.3,207.2,1,0
332.5,17.7,97.0,282.3,30.4,569.1,1,0
342.8,23.8,69.6,283.96,28.6,74.8,0,0
163.1,28.1,64.3,281.19,91.9,573.0,1,0
108.8,24.9,95.5,290.62,78.6,355.1,0,0
227.1,34.3,78.1,291.51,66.0,283.1,1,0
347.1,33.9,39.2,289.36,80.0,222.0,0,0
84.0,29.5,64.8,295.12,53.5,214.2,0,0
238.6,24.2,50.4,295.93,79.2,219.6,1,1
241.8,21.6,65.1,291.39,49.0,578.6,0,0
279.9,18.3,64.1,280.24,39.0,478.8,0,0
54.3,23.8,72.3,292.86,76.9,445.2,0,0
273.4,25.1,57.8,287.73,52.7,525.2,1,0
345.9,30.9,45.5,290.46,96.5,189.4,0,1
72.4,30.5,67.2,292.01,47.3,413.2,0,0
94.1,17.5,88.1,286.48,91.9,315.2,0,0
369.3,24.7,77.5,296.97,92.8,515.1,1,1
72.9,20.0,56.7,282.48,38.9,221.7,1,0
325.4,19.4,94.9,292.42,82.3,428.8,0,0
189.6,34.2,93.4,280.08,53.8,577.0,0,0
97.7,16.9,48.4,297.11,91.6,279.3,0,0
331.5,25.2,37.5,282.08,55.1,71.3,0,0
172.0,19.7,82.4,281.76,78.1,350.0,0,0
198.1,35.3,88.0,286.16,56.4,244.5,1,0
139.7,28.3,96.9,286.91,37.8,446.8,1,0
227.4,21.1,91.9,283.96,35.5,619.6,1,0
66.3,27.1,73.4,290.82,53.2,331.1,0,0
151.7,32.1,68.9,288.19,78.9,319.0,1,0
368.5,37.1,36.8,280.63,67.2,435.8,1,0
101.8,20.8,50.8,285.91,73.7,94.2,1,0
251.3,35.5,64.4,294.99,42.0,187.2,1,0
126.9,36.6,75.2,292.76,57.6,599.8,0,0
295.1,36.2,70.7,293.41,23.5,445.4,0,0
54.1,30.0,82.5,292.92,83.8,38.3,1,0
368.7,29.9,52.9,285.75,97.2,156.9,0,1
175.2,24.9,71.2,281.84,51.7,453.4,0,0
93.5,32.6,40.6,285.04,20.9,503.9,0,0
32.6,27.7,61.5,295.39,33.2,550.7,0,0
68.7,30.9,83.0,298.14,70.9,211.1,1,1
199.9,25.4,79.4,289.14,67.7,607.2,0,0
131.4,32.1,98.4,280.18,81.5,372.8,0,0
315.8,34.1,52.8,282.59,39.8,461.9,1,0
166.6,19.2,66.9,285.96,79.6,400.0,1,0
98.3,34.3,56.1,290.7,73.7,106.1,1,0
236.4,27.9,63.2,281.39,45.2,627.1,0,0
270.0,34.6,89.8,297.45,62.5,106.2,1,1
67.6,25.5,78.8,286.75,31.5,188.0,1,0
67.9,24.3,91.5,296.88,55.3,534.4,1,0
18.8,36.1,48.0,294.44,88.7,413.5,0,0
281.2,21.5,90.9,293.98,52.9,549.7,1,0
253.9,34.6,38.8,291.22,85.5,349.8,1,0
183.0,26.6,91.9,291.6,66.0,263.7,1,0
321.6,27.3,56.1,291.8,35.0,601.5,0,0
307.1,22.8,55.1,291.63,65.3,52.5,0,1
224.5,28.6,67.8,290.24,59.5,560.8,1,0
330.6,23.2,95.2,298.25,51.1,173.1,1,1
82.2,16.9,38.1,293.55,29.3,556.2,0,0
47.0,22.0,57.5,294.37,52.5,116.3,1,0
106.2,16.1,89.8,296.14,25.7,389.7,1,0
26.4,37.5,60.3,283.99,27.7,580.6,1,0
204.2,37.2,47.7,281.55,52.4,323.6,1,0
356.2,24.7,62.2,288.93,43.8,492.9,0,0
19.8,32.0,59.7,289.51,92.2,528.9,1,0
50.8,23.6,93.6,295.34,49.3,486.6,1,0
174.6,30.8,83.8,288.21,79.1,603.7,1,0
355.2,33.7,67.3,290.56,61.4,307.0,0,0
123.6,36.8,98.3,289.75,74.9,137.3,1,0
195.2,24.8,64.8,280.71,40.3,59.6,0,0
20.6,33.2,38.7,291.38,93.5,182.8,0,0
60.6,21.9,51.8,295.32,61.3,118.8,1,0
375.0,37.8,62.9,282.91,84.8,375.9,1,1
366.9,16.6,45.0,291.0,48.5,144.7,1,0
6.9,29.3,95.6,290.98,27.8,54.1,0,0
361.9,30.5,84.1,283.04,72.5,52.3,1,1
244.7,31.1,52.2,282.28,20.6,545.6,0,0
330.5,18.6,72.8,298.13,57.1,396.7,1,1
175.5,36.6,81.2,287.28,35.0,252.0,0,0
198.3,20.0,95.2,284.21,68.9,584.4,1,0
188.3,29.7,91.4,283.17,96.4,73.5,1,0
255.1,20.9,68.0,292.35,56.2,637.8,0,0
57.4,22.8,84.6,291.27,83.8,412.1,0,0
16.2,28.0,71.0,291.91,59.6,143.7,1,0
120.5,25.2,70.4,281.63,58.7,451.0,1,0
269.3,19.5,42.3,296.53,92.6,503.3,1,1
80.7,19.8,43.1,287.2,89.4,296.2,1,0
257.5,25.2,68.9,285.8,81.3,564.2,0,0
368.7,32.7,52.2,288.55,43.1,123.5,0,0
40.2,35.8,36.3,287.22,62.5,202.9,0,0
257.2,17.9,81.3,295.98,37.5,88.0,0,1
171.4,24.6,37.1,297.19,54.6,160.7,1,1
330.6,18.2,73.1,285.61,57.8,178.0,0,1
71.4,16.4,69.5,295.98,84.9,598.9,1,0
264.7,30.6,97.0,294.46,89.9,78.4,1,1
319.3,29.3,66.0,297.22,52.3,295.0,1,1
359.2,19.6,39.1,284.55,21.4,360.1,1,0
261.2,21.1,70.3,290.67,87.2,587.2,0,0
191.4,16.5,88.8,285.08,33.6,648.6,1,0
236.7,34.4,98.8,295.25,68.5,497.1,0,1
330.8,37.4,62.5,280.1,21.9,631.9,0,0
219.0,19.0,55.5,290.45,51.2,518.0,1,0
16.4,21.1,93.0,286.28,96.9,627.2,0,0
354.1,35.1,47.2,285.97,27.9,468.5,1,0
263.6,36.4,74.4,291.93,53.0,79.5,1,1
258.7,25.2,61.0,295.75,44.0,279.2,1,0
85.9,17.1,37.6,291.27,90.6,430.9,0,0
252.1,16.9,57.2,295.78,87.8,247.4,1,1
152.7,28.6,52.0,284.9,38.5,199.5,0,0
249.2,24.6,78.9,289.61,26.3,388.0,1,0
45.0,16.6,95.7,288.33,68.9,608.8,0,0
251.7,28.8,52.2,280.22,46.2,51.7,1,0
379.8,16.2,86.9,290.3,72.4,506.9,0,0
23.1,33.3,38.5,292.24,22.5,478.1,0,0
371.4,22.7,69.4,290.95,30.4,627.7,1,0
157.6,16.9,39.5,293.62,73.5,607.0,0,0
331.5,28.9,94.8,290.57,36.6,502.6,1,0
298.4,24.7,84.0,281.23,86.9,352.7,0,0
217.6,37.4,77.1,282.15,24.6,156.6,0,0
281.9,28.0,87.7,291.03,36.8,368.0,1,0
334.4,22.1,76.4,285.09,97.9,504.5,0,0
156.6,31.6,97.0,281.47,53.8,585.3,0,0
127.6,22.0,80.7,287.95,74.8,519.6,1,0
255.3,35.9,94.2,290.25,34.2,151.1,0,0
307.9,24.2,68.1,286.08,67.6,401.8,0,0
290.9,28.1,42.5,293.33,76.6,235.9,0,1
304.2,17.1,68.8,291.91,44.5,35.7,0,0
168.3,25.4,43.1,286.16,84.7,154.1,1,0
311.7,34.3,72.9,293.97,67.1,100.2,0,1
50.1,33.7,65.9,292.0,50.4,552.5,1,0
209.2,20.9,74.8,291.79,63.5,190.3,0,0
7.2,21.0,35.6,290.24,65.0,206.5,0,0
126.7,34.0,47.5,280.21,32.9,625.2,0,0
142.4,36.5,66.4,292.89,51.4,265.0,1,0
153.6,18.1,95.8,286.96,46.8,35.9,1,0
265.8,25.9,59.6,297.44,51.3,206.0,1,1
150.7,23.4,62.2,295.13,79.4,104.0,1,0
173.3,35.2,80.7,290.87,57.6,93.7,0,0
94.1,17.8,73.6,284.67,93.3,78.0,0,0
145.0,20.6,54.1,283.77,42.9,397.8,0,0
90.2,32.6,61.3,286.3,52.4,147.4,0,0
32.4,17.1,48.9,288.82,81.4,254.0,0,0
231.3,26.8,96.8,285.48,62.6,564.5,0,0
255.6,25.7,43.4,289.53,62.7,293.1,0,0
237.3,23.4,58.8,283.06,24.2,597.7,0,0
178.8,24.7,36.7,298.09,51.1,338.7,0,0
147.4,27.7,49.2,282.0,41.1,277.3,0,0
328.8,19.6,85.0,297.24,97.9,495.2,1,1
199.7,28.6,47.9,296.9,44.1,75.4,0,1
184.7,33.7,40.1,289.72,89.0,85.5,1,1
14.6,32.7,65.4,293.41,72.7,434.2,1,0
133.0,19.4,35.6,288.07,46.6,331.9,0,0
147.6,19.3,40.4,291.66,62.4,520.1,0,0
154.6,21.9,86.7,286.3,85.6,598.1,0,0
222.6,23.9,84.4,285.57,88.9,270.8,1,1
205.1,25.0,93.6,290.7,32.5,399.8,0,0
233.0,31.0,89.7,289.22,46.5,340.4,0,0
291.8,17.2,78.7,290.72,46.1,638.6,0,0
309.9,16.8,38.3,285.3,23.3,545.3,1,0
274.3,24.6,85.1,286.79,66.7,595.3,0,0
363.3,31.3,89.1,281.55,86.7,187.7,1,1
11.8,20.3,86.1,280.97,49.8,509.0,1,0
78.4,30.1,67.5,284.69,77.7,194.6,1,0
7.8,21.7,49.9,281.37,69.0,159.4,1,0
247.8,35.5,89.1,281.92,49.3,615.4,1,1
341.8,35.7,81.5,295.04,31.0,42.0,1,1
96.3,22.5,97.8,280.72,75.3,628.5,1,0
352.6,21.1,45.0,292.19,86.7,122.5,0,1
27.6,25.0,49.4,285.04,73.5,538.1,0,0
355.4,21.3,48.6,296.12,21.4,201.1,1,1
136.9,30.8,85.7,288.97,36.9,247.4,1,0
43.0,34.2,47.0,285.65,25.4,164.4,1,0
187.2,30.8,39.3,289.58,64.5,393.0,1,0
101.3,34.1,98.9,287.07,79.0,245.8,1,0
111.8,24.7,36.6,290.44,28.6,437.6,0,0
120.2,19.4,88.5,282.12,85.4,39.7,1,0
306.1,32.2,58.4,298.44,63.3,69.9,0,1
207.2,23.9,88.9,287.87,73.8,91.8,1,0
121.7,30.8,70.5,286.44,95.8,289.8,1,0
233.9,22.0,92.7,293.14,26.5,535.2,1,0
273.6,17.8,94.3,286.73,90.3,580.7,0,0
107.2,37.8,35.6,295.42,29.8,181.8,0,0
160.1,19.4,39.8,288.4,50.7,386.1,0,0
50.7,37.7,51.0,293.31,86.4,506.4,1,0
72.9,37.5,77.8,281.99,90.7,209.1,1,0
260.4,33.5,91.8,295.65,59.5,283.6,0,1
73.0,30.5,64.4,293.61,66.3,354.9,1,0
201.9,28.7,73.8,283.92,75.2,113.6,1,0
270.9,35.1,47.1,282.69,85.0,46.1,0,0
45.1,22.4,86.5,285.85,29.5,124.7,1,0
217.7,26.3,96.9,298.06,83.2,418.6,1,1
101.2,29.6,52.2,284.75,57.5,75.6,1,0
366.1,25.0,66.7,288.44,55.1,147.6,1,0
186.3,25.4,40.5,280.56,53.1,239.5,1,0
307.2,23.3,70.8,287.35,59.7,78.3,1,0
211.3,28.4,67.2,290.57,93.7,148.9,0,0
21.3,34.7,44.2,297.63,62.8,595.0,1,0
242.4,20.4,63.3,289.56,94.3,42.0,0,0
361.8,36.6,56.4,295.15,34.1,435.1,0,0
230.6,31.2,68.4,290.12,76.5,268.3,0,0
312.2,34.1,72.5,280.75,83.4,447.0,0,0
336.6,28.2,35.5,285.83,73.0,395.0,1,0
90.5,33.1,83.7,290.65,67.3,168.6,1,0
84.5,16.4,80.6,297.59,64.1,555.3,0,0
234.1,34.0,58.4,295.89,87.2,335.0,1,1
159.1,16.9,38.4,284.22,84.1,540.0,1,0
319.9,35.6,83.3,284.07,29.5,281.7,1,0
342.5,37.8,96.1,283.72,86.2,640.5,1,0
137.5,22.5,50.4,297.07,52.3,507.7,0,0
93.8,20.6,55.7,295.77,39.8,628.9,1,0
297.7,32.8,46.8,294.34,87.8,348.9,1,1
108.1,21.6,71.9,287.27,53.7,323.7,1,0
313.5,35.0,44.9,289.33,83.1,498.4,1,0
163.9,18.3,57.8,288.59,40.5,575.8,1,0
255.3,18.8,79.6,284.69,20.3,627.8,1,0
40.8,37.5,70.8,289.34,58.6,231.2,1,0
238.9,30.8,59.7,280.56,27.8,525.2,1,0
174.4,34.6,61.9,282.44,78.8,160.6,0,0
225.0,23.1,71.0,296.4,41.5,368.3,0,1
68.0,30.9,35.4,293.91,54.6,141.5,0,0
281.3,29.1,40.0,287.82,26.8,245.4,1,0
328.5,29.3,91.4,289.57,42.4,607.4,1,0
86.3,31.0,40.0,286.84,81.0,120.6,0,0
40.9,28.7,80.2,293.7,31.8,422.1,1,0
13.9,25.4,93.9,294.51,70.5,397.6,1,0
245.7,22.1,52.3,294.12,91.6,104.9,1,1
232.7,32.9,58.7,293.37,73.0,232.1,0,1
210.0,21.0,71.4,283.78,83.3,379.0,1,0
92.0,31.2,91.4,286.25,28.5,146.1,1,0
151.6,21.1,95.3,288.69,39.6,526.4,1,0
227.9,29.8,82.3,286.12,89.8,632.7,1,0
191.3,32.4,40.5,293.97,75.8,163.2,1,1
375.4,20.8,77.8,286.09,69.9,145.9,0,0
56.2,17.3,61.3,282.56,71.8,312.1,1,0
265.7,18.9,65.1,287.38,52.3,493.6,0,0
156.6,29.3,38.1,298.13,23.5,204.6,0,0
165.6,34.7,47.2,284.18,81.2,42.3,0,0
274.1,17.0,85.6,291.32,72.9,365.6,0,0
264.7,32.2,64.1,288.01,56.9,623.1,0,0
376.7,23.5,54.3,281.31,90.2,272.6,1,1
53.1,26.5,59.6,289.03,46.2,290.5,1,0
44.0,36.4,89.7,292.99,43.0,630.7,0,0
276.6,23.3,82.9,289.49,88.1,460.7,1,0
221.9,26.2,52.4,296.13,82.2,475.9,0,1
107.8,16.3,42.5,285.35,60.2,378.9,0,0
34.8,17.8,51.1,281.6,30.2,634.3,1,0
37.1,21.7,93.9,297.33,36.8,457.1,1,0
340.3,16.6,72.2,287.0,71.2,584.9,1,0
77.0,29.9,69.1,290.66,50.0,463.6,0,0
126.3,25.4,73.2,294.65,85.2,485.8,1,0
90.0,28.1,58.4,286.0,94.1,210.1,1,0
138.1,19.8,86.7,293.25,82.8,218.2,1,1
31.0,22.5,68.5,282.51,49.4,515.5,0,0
199.6,30.6,42.5,285.39,81.5,214.0,1,0
30.4,37.2,43.3,282.68,47.4,378.9,1,0
305.1,17.1,69.4,295.01,33.0,184.6,1,1
92.6,35.6,94.9,284.12,22.6,536.5,0,0
207.5,28.7,54.7,293.27,50.1,98.5,1,1
335.0,28.4,90.7,297.45,90.5,544.3,0,1
249.1,27.0,83.9,289.76,38.6,403.7,1,0
204.9,17.5,50.9,289.99,36.1,145.9,0,0
126.6,18.0,37.3,288.53,95.6,366.1,0,0
129.9,29.2,41.5,286.03,22.0,205.1,1,0
256.1,23.5,81.6,288.8,81.3,230.5,0,0
377.8,36.2,47.8,291.15,45.1,247.9,0,1
253.2,24.9,58.8,298.24,22.9,69.3,0,1
214.2,19.2,67.1,297.35,91.6,641.3,0,1
279.0,31.7,81.4,295.95,30.9,49.6,1,1
179.5,22.5,42.2,296.45,63.0,440.7,1,0
27.6,27.6,61.0,288.66,41.4,260.2,1,0
215.9,31.4,66.0,292.16,25.1,430.5,0,0
364.1,35.8,69.6,296.56,23.9,250.9,1,1
70.7,33.4,87.4,287.27,29.0,447.7,1,0
263.8,30.9,46.0,297.79,25.6,482.1,1,1
80.4,31.0,86.7,287.69,79.3,458.1,1,0
205.9,36.8,79.3,291.12,57.9,100.7,1,0
41.3,22.5,70.6,293.13,46.7,437.3,1,0
173.9,16.0,79.8,297.59,52.6,203.6,0,1
288.6,22.0,61.4,284.53,92.5,47.9,0,1
135.3,20.8,43.9,293.8,91.0,287.2,1,1
254.3,30.6,77.6,289.64,75.8,298.8,1,0
303.3,29.9,68.6,284.97,89.0,319.6,0,1
352.7,29.1,75.9,294.37,44.9,467.0,0,1
93.0,16.4,56.6,290.22,49.7,221.5,1,0
154.7,32.0,93.0,292.23,67.9,225.5,1,0
62.2,23.1,72.6,285.97,68.6,67.5,0,0
377.2,30.6,40.5,288.9,57.6,455.8,0,0
352.6,28.2,63.8,291.42,51.3,382.1,1,0
207.5,23.5,83.4,287.49,96.9,246.6,1,0
320.8,19.0,85.8,283.67,84.0,467.2,0,0
200.4,18.1,66.7,297.79,53.9,363.2,1,1
238.8,34.3,92.3,289.46,76.7,320.9,1,1
38.4,36.2,52.1,293.58,41.0,347.0,1,0
288.2,30.3,61.3,287.6,27.8,424.5,1,0
52.9,18.3,92.5,286.57,47.5,439.2,1,0
314.8,24.8,92.4,287.53,51.4,209.2,0,1
298.3,32.0,78.9,287.57,21.3,117.3,0,1
270.8,33.2,90.0,290.07,83.6,127.1,0,1
18.6,18.6,40.7,290.05,48.0,426.4,0,0
118.7,16.0,90.4,289.2,65.3,571.2,0,0
103.7,31.7,55.5,282.49,25.8,283.9,0,0
140.1,23.8,46.4,289.18,33.6,135.1,1,0
37.9,21.6,50.3,283.13,89.4,499.1,1,0
356.4,16.3,61.7,282.33,67.5,546.1,1,0
212.7,27.9,51.1,297.25,94.1,576.0,1,1
119.6,34.7,55.5,291.19,97.9,406.2,0,0
153.9,37.1,43.6,292.2,49.0,563.7,0,0
172.7,28.4,54.0,287.43,43.3,39.6,0,0
230.2,27.3,71.6,296.82,87.0,96.5,1,1
198.4,17.9,63.3,291.8,97.9,87.4,0,0
349.8,28.1,57.2,294.23,69.1,471.8,1,1
191.4,24.4,82.8,286.82,82.0,73.1,1,0
377.1,29.4,92.2,297.76,81.0,337.7,0,1
324.3,24.6,83.4,295.18,47.7,323.1,0,1
83.2,21.3,56.2,295.8,64.8,222.6,1,0
354.0,18.1,82.6,283.19,85.0,569.7,1,1
48.6,22.9,44.7,285.01,73.7,135.7,1,0
311.5,18.1,43.3,285.28,21.7,248.5,0,0
147.7,19.9,57.1,285.01,46.3,510.0,1,0
334.2,37.7,86.7,295.83,31.3,48.9,0,1
330.5,25.8,50.8,280.59,38.2,447.2,1,0
307.2,27.7,39.0,281.41,90.6,536.2,1,0
301.3,35.2,43.4,285.07,22.9,608.0,1,0
119.3,37.9,90.0,283.7,37.1,573.3,0,0
35.3,28.8,75.6,284.29,44.1,228.0,1,0
156.1,33.9,51.2,294.76,68.1,393.5,0,0
70.1,23.2,70.5,290.42,61.7,77.9,0,0
265.6,22.7,68.8,280.11,37.0,189.9,0,0
134.8,24.9,76.9,287.94,32.8,88.4,1,0
370.9,30.8,49.9,287.55,38.5,225.4,1,1
245.4,31.0,90.3,282.11,59.2,572.6,0,0
313.4,22.9,54.8,292.51,41.2,245.2,1,0
54.7,18.9,79.4,292.99,93.9,378.4,0,0
328.3,29.9,36.0,293.34,56.2,298.7,0,1
351.0,18.8,58.9,293.48,24.6,314.5,0,0
187.6,28.7,57.5,280.0,76.9,631.1,1,0
232.3,31.3,69.8,297.65,45.6,213.6,1,1
291.8,31.4,39.7,295.06,71.0,418.9,1,1
70.6,32.6,85.6,296.72,41.8,290.4,1,1
193.5,35.2,48.9,280.29,64.5,67.9,0,0
154.5,27.0,78.3,297.28,80.2,333.4,1,1
59.9,32.1,86.4,294.98,92.4,534.3,0,0
142.8,29.6,71.0,295.49,40.4,91.2,1,0
30.6,20.1,82.4,281.73,46.1,73.1,1,0
14.7,16.6,77.4,293.67,56.2,125.3,1,0
55.7,22.3,57.8,297.76,92.3,503.9,1,1
366.2,25.7,86.8,292.55,90.3,478.9,1,0
211.1,29.6,53.9,290.56,27.0,380.3,0,0
367.2,34.7,71.6,297.49,30.3,320.3,1,1
167.2,20.3,82.7,288.19,58.6,580.8,0,0
121.9,18.8,59.3,291.09,28.3,505.4,0,0
194.8,37.2,54.4,288.81,47.0,533.4,1,0
169.8,18.4,64.4,297.26,31.6,534.2,1,1
44.6,26.5,87.3,281.41,69.6,428.5,0,0
245.3,28.9,94.5,289.27,94.1,314.0,1,0
86.0,27.9,69.9,292.71,97.7,566.1,1,0
237.3,17.9,77.3,294.65,49.3,604.1,1,0
248.8,17.3,92.8,290.79,66.7,44.8,1,1
62.0,18.3,41.3,296.81,86.8,62.0,1,1
28.0,28.9,49.9,297.43,29.2,624.4,0,0
297.8,28.0,80.4,281.19,73.8,201.8,1,1
177.4,21.1,87.7,287.44,51.9,571.5,1,0
26.8,30.0,89.8,280.43,36.1,271.1,1,0
378.1,34.0,61.6,286.09,51.4,103.8,1,0
26.7,16.9,40.7,289.93,25.9,79.9,0,0
265.6,27.0,63.0,296.85,74.2,127.0,0,1
373.9,31.2,49.8,295.66,39.7,184.9,0,1
94.7,21.6,53.6,282.36,44.3,332.9,0,0
58.3,22.8,84.4,281.72,29.4,464.9,0,0
50.5,29.5,39.8,290.9,87.4,641.6,0,0
118.7,35.8,88.0,289.84,58.5,303.7,1,0
42.9,33.8,62.4,284.93,64.6,351.3,1,0
264.6,28.8,73.1,296.64,64.4,353.5,1,1
28.4,32.1,40.7,297.16,52.0,364.4,1,0
196.0,24.0,56.6,287.45,35.0,351.0,0,0
378.8,30.1,40.7,296.47,78.1,35.4,0,1
310.2,26.3,96.5,287.1,29.9,31.1,1,1
235.7,20.2,86.7,293.63,28.1,90.6,1,1
119.8,31.4,64.4,288.8,75.4,93.0,1,0
239.0,28.2,49.3,282.27,36.3,467.0,0,0
202.6,23.9,94.7,297.17,43.9,157.0,0,1
164.8,36.0,57.1,288.4,57.1,584.7,1,0
54.0,16.5,45.3,293.59,55.0,605.7,1,0
337.5,22.9,71.0,286.79,75.3,635.1,1,0
173.7,17.3,95.4,280.35,68.6,612.2,1,0
78.0,32.9,35.2,281.86,70.3,198.6,1,0
142.9,31.4,50.2,289.18,75.7,346.1,1,0
160.3,23.3,95.1,292.76,42.8,138.8,1,0
315.3,30.9,45.9,286.19,45.1,529.8,1,0
280.1,24.7,42.2,292.87,54.2,580.8,1,0
293.5,32.6,71.5,292.92,44.0,557.8,1,0
9.1,26.0,90.2,293.02,96.8,298.7,1,0
161.1,25.1,65.5,289.11,83.5,500.4,0,0
185.5,36.6,98.7,296.93,32.8,90.5,1,1
12.2,21.5,78.5,289.05,20.4,55.0,1,0
102.4,18.6,39.7,288.33,23.3,497.0,0,0
290.1,28.9,98.5,283.69,39.0,293.7,1,1
56.4,37.3,61.1,285.69,28.9,647.2,0,0
205.7,24.3,53.4,280.78,61.6,90.3,1,0
85.7,17.4,70.7,291.72,86.9,560.5,1,0
9.5,23.5,54.5,284.6,77.5,327.6,0,0
95.5,27.1,40.5,285.63,36.8,542.8,1,0
371.0,19.6,35.1,294.26,51.1,536.6,1,0
305.6,30.5,63.8,286.05,59.6,597.9,1,0
364.8,38.0,88.6,284.48,83.2,214.7,0,1
187.9,25.9,71.6,283.13,85.5,618.9,1,0
46.2,23.8,98.9,294.33,91.0,124.0,1,1
210.5,24.8,53.4,282.4,59.7,80.8,1,0
175.4,18.5,52.9,288.39,74.2,297.6,0,0
321.6,35.4,45.2,289.38,28.7,543.6,1,0
41.8,25.1,45.5,292.72,64.1,323.5,0,0
188.1,24.5,53.3,291.72,39.4,544.2,1,0
61.3,30.5,85.7,295.0,53.7,482.4,1,0
126.8,25.7,93.0,280.83,69.5,159.8,0,0
281.5,30.3,97.4,285.48,40.0,618.3,1,0
183.5,17.4,49.9,285.18,24.1,67.7,0,0
146.0,33.9,91.4,282.7,20.8,586.9,1,0
152.9,36.7,56.0,285.35,21.7,218.8,1,0
177.3,30.3,42.2,285.73,20.7,340.1,1,0
299.4,37.0,90.7,289.65,28.6,291.9,1,0
339.5,19.3,75.7,292.28,38.7,136.5,1,1
363.3,26.5,45.5,287.05,37.3,252.1,1,0
300.1,29.2,62.5,293.31,97.0,149.6,1,1
123.3,28.8,53.4,286.22,43.9,156.4,0,0
263.1,24.8,82.2,285.37,29.9,146.0,1,0
169.1,23.4,64.0,290.01,62.6,333.2,1,0
100.5,18.8,98.3,280.44,86.9,524.7,0,0
320.3,24.6,38.5,281.48,72.9,382.8,0,0
19.4,19.6,57.7,287.73,43.1,583.8,0,0
343.2,32.2,65.8,297.44,63.8,424.7,0,1
178.1,20.6,67.2,293.35,75.8,457.4,0,0
244.0,17.3,55.2,281.63,76.8,443.9,1,0
252.3,28.2,81.7,295.66,72.0,308.7,1,1
340.7,29.1,91.0,293.55,87.9,457.4,1,1
243.8,35.2,95.1,291.3,87.9,73.2,0,0
235.2,28.7,86.5,295.18,65.2,563.1,1,1
30.0,23.6,89.4,287.48,53.5,512.2,1,0
199.4,33.7,70.2,284.1,70.0,182.0,1,1
61.3,27.9,87.9,289.47,83.8,506.2,1,0
281.5,17.7,54.4,290.15,20.4,37.8,0,0
197.1,28.4,60.5,289.96,97.4,164.7,1,1
260.1,36.0,55.3,290.45,34.3,70.4,1,0
20.6,24.7,64.9,297.55,56.7,513.7,0,0
36.8,22.5,53.3,296.69,88.0,498.6,0,0
273.6,19.2,96.5,296.2,37.6,534.5,0,1
32.0,19.3,55.0,294.83,57.2,32.8,0,0
31.7,25.5,41.3,297.45,30.3,340.8,0,0
9.5,29.1,68.7,281.82,50.8,467.0,1,0
363.7,17.8,38.7,284.9,33.8,126.3,1,1
281.6,36.7,42.1,289.16,48.4,432.9,1,0
137.5,32.6,49.0,295.66,49.1,82.1,1,0
116.2,28.9,64.7,289.35,97.5,142.4,1,0
136.1,34.2,62.7,293.84,97.6,325.0,1,0
295.5,17.8,86.2,282.57,29.0,435.2,1,0
253.0,26.5,82.3,284.67,76.6,120.4,0,1
74.4,29.9,62.3,293.54,24.0,144.8,1,0
70.3,34.2,56.4,283.05,22.4,156.8,1,0
41.9,33.2,55.3,286.5,28.2,178.0,0,0
252.6,22.1,84.5,284.9,95.3,170.5,1,1
291.6,36.7,38.3,286.47,93.4,275.0,1,1
104.4,18.7,35.8,293.1,35.1,435.3,1,0
12.9,35.3,85.9,286.81,32.6,301.6,0,0
35.8,37.4,65.5,290.27,38.8,511.1,1,0
367.9,19.9,43.4,281.85,60.2,475.9,0,0
115.8,31.9,50.1,294.89,64.4,108.4,0,0
293.5,16.9,94.7,286.84,37.3,60.3,0,0
239.2,24.9,90.0,292.0,79.0,574.3,1,0
148.2,27.4,80.4,293.42,44.1,79.5,1,1
82.1,28.8,65.9,283.88,91.9,122.0,0,0
50.5,36.6,68.3,296.37,71.2,43.7,1,1
235.6,30.8,97.4,291.4,54.0,419.6,0,0
295.5,26.6,96.8,287.93,81.6,391.1,0,0
246.5,33.8,48.8,283.37,83.8,641.9,1,0
203.9,36.9,86.9,297.43,42.7,579.9,0,0
20.7,16.5,47.6,293.97,46.5,284.7,1,0
368.2,37.6,48.7,283.85,93.0,260.4,0,1
304.5,17.9,78.3,286.25,32.8,214.0,0,0
114.8,33.9,60.9,294.98,23.3,124.5,1,0
372.5,22.2,94.6,292.87,55.4,115.6,1,1
230.7,18.9,40.7,294.17,82.5,112.0,0,1
223.4,25.7,67.7,288.16,80.2,100.8,1,0
285.5,30.2,93.8,293.25,91.7,179.1,1,1
309.4,24.4,92.9,287.15,61.6,220.1,1,1
251.2,17.2,45.0,283.91,27.8,626.2,0,0
53.0,29.2,58.5,291.7,65.9,388.7,1,0
131.9,35.9,74.6,298.06,80.7,642.3,1,1
353.0,24.4,45.2,285.75,27.3,260.9,0,0
89.2,20.8,97.0,288.53,33.5,313.7,1,0
144.6,25.7,93.5,292.47,21.0,231.2,1,0
167.0,17.1,45.7,290.02,66.3,143.4,1,0
169.8,34.1,42.8,295.6,89.2,118.8,1,0
234.9,34.2,40.5,294.09,72.3,615.9,1,0
358.7,28.9,93.2,281.08,96.6,641.8,1,1
95.3,23.8,47.4,298.47,24.9,57.8,1,1
50.6,33.6,61.6,293.92,90.4,123.2,1,0
79.1,28.2,63.7,295.98,83.5,292.6,1,0
337.6,34.2,73.3,292.05,44.5,145.5,0,0
247.2,29.9,39.6,295.84,95.9,255.6,0,1
112.2,33.3,49.5,282.08,42.5,110.0,1,0
311.0,29.2,94.6,286.43,89.4,313.0,0,0
328.0,25.1,93.1,296.21,88.7,198.5,1,1
322.4,37.1,85.0,283.73,79.1,248.2,1,1
349.6,27.9,36.2,281.45,64.0,88.5,1,1
99.6,29.3,55.9,294.58,29.4,295.4,1,0
288.1,20.9,75.2,295.46,61.5,639.6,1,1
177.7,29.8,52.6,283.01,47.8,233.9,0,0
320.7,28.6,93.2,295.81,81.8,573.4,1,1
278.2,20.1,75.6,292.71,79.1,552.8,0,0
296.2,17.3,39.6,289.62,91.0,620.3,0,0
251.1,29.3,93.2,295.36,21.2,519.9,0,0
71.5,32.8,96.3,287.76,83.1,439.0,0,0
209.4,27.5,40.0,283.59,93.2,561.1,0,0
374.3,21.0,69.1,285.27,81.6,76.9,0,1
356.5,30.7,54.4,289.35,30.2,317.0,1,0
21.2,17.8,60.1,289.83,26.3,643.3,1,0
66.8,25.7,46.5,294.9,21.6,507.2,0,0
54.4,19.6,72.0,294.64,69.0,626.5,0,0
277.2,20.1,96.3,290.76,69.1,513.4,1,0
311.7,20.5,67.2,294.44,97.0,572.4,1,1
85.1,24.5,40.3,283.55,51.0,468.0,1,0
194.7,17.1,74.7,280.93,45.9,501.5,0,0
320.3,24.8,56.8,296.16,68.7,354.4,1,1
279.8,27.3,89.8,281.4,84.4,603.0,1,0
208.3,26.6,62.8,284.56,93.1,541.5,1,0
226.4,24.4,47.3,292.86,82.6,553.2,0,0
195.6,34.5,47.2,287.57,53.3,447.3,0,0
116.6,19.2,84.2,296.21,69.5,218.8,0,1
216.9,27.1,52.0,285.51,86.8,52.1,0,0
263.3,17.4,84.1,280.22,58.3,610.1,1,0
332.5,17.6,48.2,285.56,36.9,393.4,1,0
243.6,28.6,55.6,290.69,33.2,214.8,1,0
290.4,28.5,64.8,286.95,20.0,122.5,1,0
65.0,35.3,95.4,289.9,76.0,544.3,1,0
178.1,28.3,94.6,296.22,28.7,548.6,0,0
8.5,37.1,48.2,296.88,39.0,535.0,1,0
97.5,17.1,57.9,284.92,43.2,430.0,1,0
277.4,18.2,44.6,288.55,63.7,256.9,0,0
376.9,17.0,67.6,290.16,51.0,218.5,0,0
42.2,20.1,64.5,297.56,72.6,35.3,1,1
155.6,27.9,92.6,298.47,24.3,546.8,1,0
305.0,30.2,94.5,284.36,29.7,84.2,0,1
81.5,17.0,59.5,293.45,58.9,421.1,1,0
213.2,36.8,66.5,286.99,46.3,342.5,1,0
279.9,34.5,92.4,280.15,43.1,356.5,1,0
236.0,22.5,86.6,280.17,25.2,604.6,0,0
75.5,17.7,35.2,288.52,89.9,49.6,0,0
138.3,19.7,55.5,289.03,74.0,509.5,1,0
298.9,18.8,62.0,280.42,29.5,62.3,1,1
212.8,18.7,49.7,292.71,25.1,53.7,0,0
7.0,27.4,47.8,285.44,96.0,296.5,0,0
290.4,21.4,37.4,290.36,73.1,69.1,0,0
18.2,23.9,76.2,285.57,52.6,519.3,0,0
284.7,37.8,51.8,283.09,74.7,358.3,1,1
80.9,31.1,38.4,287.53,79.0,48.0,1,0
364.3,36.9,49.8,284.3,80.8,55.1,0,1
143.0,19.1,86.3,289.89,57.3,409.9,0,0
127.6,24.4,89.5,283.68,53.5,529.8,1,0
60.8,28.2,65.9,289.41,20.9,301.4,0,0
119.6,17.7,61.6,282.91,92.3,373.8,1,0
333.7,16.1,97.6,292.41,67.1,525.9,1,0
378.6,30.7,47.8,293.95,35.8,408.5,1,0
143.1,30.1,48.8,282.04,91.7,169.4,0,0
173.2,25.0,53.7,288.65,91.4,410.1,0,0
275.8,26.8,46.1,281.31,97.2,419.5,1,0
337.3,25.1,59.3,291.07,88.2,485.1,1,0
227.4,16.5,93.3,284.89,97.8,414.9,0,0
151.8,23.4,74.4,289.76,39.1,630.9,1,0
159.7,19.9,61.4,289.57,85.7,152.3,1,0
265.9,18.2,94.8,297.1,84.2,619.7,1,1
6.2,37.0,38.1,290.16,38.0,363.8,0,0
237.3,29.2,48.5,290.79,27.7,446.6,1,0
138.3,32.0,71.2,287.43,96.4,91.7,1,0
302.8,22.9,74.4,297.56,43.1,266.0,0,0
39.9,24.6,37.5,294.38,87.9,507.0,1,0
225.6,21.2,60.8,285.28,20.3,468.3,0,0
185.4,18.1,76.5,295.62,21.6,54.9,0,1
245.9,19.9,79.7,288.0,56.3,368.9,0,0
29.3,33.5,75.8,295.33,38.6,84.7,1,1
222.5,30.9,55.5,295.22,73.8,647.4,1,1
215.6,28.0,41.0,283.49,64.1,586.3,0,0
215.2,26.5,62.3,292.97,26.0,43.1,0,0
231.3,36.3,43.2,285.38,32.7,562.4,0,0
258.7,17.6,95.6,285.5,50.3,600.0,0,0
306.9,22.2,65.4,285.48,34.5,249.2,1,0
106.2,23.7,55.3,293.42,81.8,476.1,0,0
314.4,33.2,84.0,284.25,52.5,304.1,0,0
191.8,37.8,66.9,280.02,27.3,436.2,1,0
33.9,21.3,54.8,293.23,57.8,241.0,1,0
27.0,35.2,87.0,283.17,27.1,230.0,1,0
130.3,34.3,90.5,281.93,30.1,293.1,0,0
299.3,20.9,78.1,284.39,38.7,120.3,0,1
270.4,24.8,38.0,287.03,87.0,545.3,1,0
300.7,25.0,71.2,288.8,92.1,246.2,0,1
199.0,37.5,83.9,280.82,84.4,278.1,0,0
170.1,20.0,43.7,297.96,46.1,584.3,1,1
60.3,33.6,49.6,293.25,41.3,337.9,1,0
128.1,23.4,91.5,285.98,62.8,367.4,0,0
167.8,32.1,36.3,285.9,76.3,623.0,0,0
38.2,25.2,83.2,288.3,97.5,579.8,1,0
87.7,28.7,65.3,291.59,30.3,135.1,0,0
229.3,34.3,63.6,282.71,23.8,323.4,1,0
280.9,33.7,35.5,283.5,74.2,632.2,1,0
379.4,35.1,87.4,295.9,84.9,260.9,1,1
354.9,17.3,58.0,284.74,86.0,260.4,1,1
246.0,31.2,69.6,287.03,72.9,150.9,0,1
163.0,19.1,78.3,296.12,94.4,100.9,0,1
243.6,25.1,80.0,292.27,59.9,489.0,1,0
299.6,28.1,96.2,286.32,91.3,507.4,1,1
49.4,24.9,69.0,292.65,95.5,630.8,1,0
158.7,27.4,60.6,280.36,86.1,509.5,1,0
319.9,37.9,96.0,293.61,44.2,180.9,1,1
148.9,19.0,76.1,289.01,35.3,54.9,1,0
219.5,30.9,54.1,295.04,62.8,641.0,1,0
225.4,24.7,43.1,297.66,55.3,241.1,1,1
74.2,18.9,88.9,297.13,88.5,223.4,1,1
140.8,19.5,58.2,296.82,27.8,591.7,0,0
130.4,36.9,77.3,289.48,40.1,392.8,1,0
14.8,35.4,65.1,286.66,78.6,163.2,1,0
14.1,36.0,47.7,288.6,27.4,581.2,0,0
316.9,37.8,73.5,292.76,45.0,645.9,1,0
107.4,20.6,38.9,296.35,50.2,83.7,1,0
199.3,23.8,61.5,283.83,68.6,564.6,1,0
117.0,30.7,70.0,296.99,32.3,272.1,0,0
357.8,26.6,62.9,295.08,87.1,354.9,1,1
102.2,25.2,82.9,298.11,54.9,597.2,0,0
166.1,23.9,88.0,296.28,91.5,633.5,1,0
332.3,29.1,84.4,285.18,56.5,192.5,0,1
320.7,28.7,37.5,281.96,41.5,162.0,1,0
74.8,19.6,47.4,282.08,31.1,79.9,1,0
306.0,26.4,69.3,285.39,20.3,378.3,0,0
176.8,28.2,94.8,291.36,61.5,38.4,1,0
186.1,28.5,88.4,294.88,28.4,285.4,1,0
55.1,20.6,88.9,296.64,50.6,75.5,0,1
35.2,32.3,54.4,291.54,66.0,281.2,0,0
278.0,16.6,62.5,280.1,41.5,54.8,0,0
191.2,23.8,65.1,283.45,33.7,547.8,0,0
168.8,33.2,45.1,281.84,80.4,160.0,1,0
278.6,28.4,37.0,286.72,93.8,233.6,1,0
292.1,21.7,95.6,289.27,27.8,569.4,0,0
64.6,31.3,50.4,280.8,32.1,492.7,1,0
233.8,28.5,50.4,286.45,94.9,165.8,1,0
55.8,33.5,40.3,283.31,22.9,74.6,0,0
286.8,32.2,94.4,291.97,96.3,473.7,0,0
251.4,29.4,72.1,288.59,20.4,272.2,0,0
363.7,26.7,77.7,289.16,88.1,505.0,1,1
30.9,18.9,93.3,287.91,44.0,306.1,1,0
26.4,21.7,57.1,297.69,93.2,244.5,1,0
110.8,25.2,74.8,283.97,44.7,309.7,0,0
103.1,29.2,37.5,289.56,71.0,494.1,1,0
97.6,27.3,47.0,293.62,26.2,589.4,1,0
344.8,22.3,88.2,290.3,38.9,60.9,1,1
98.6,16.1,84.1,297.19,80.3,354.9,0,0
107.0,26.9,57.4,286.99,61.2,50.4,1,0
289.8,22.3,59.1,288.58,92.4,320.4,1,1
173.7,32.2,69.1,281.64,53.4,578.9,0,0
296.3,16.5,35.0,291.27,87.8,254.2,0,0
29.5,28.9,50.4,285.33,55.0,608.1,1,0
187.8,36.7,48.3,282.97,96.4,421.0,1,0
17.6,19.8,51.0,290.07,94.9,609.2,1,0
28.5,26.4,86.6,289.85,45.7,499.4,1,0
344.9,18.0,52.9,281.4,89.1,94.1,1,1
57.2,29.8,47.3,292.92,86.1,173.3,0,0
204.7,28.1,67.3,291.54,36.4,274.4,0,0
159.2,25.0,90.4,283.5,68.7,135.5,1,0
135.3,27.5,50.4,288.68,25.7,336.8,0,0
342.4,35.7,40.0,293.33,85.3,322.2,0,0
13.2,20.3,57.8,289.79,33.6,622.9,1,0
253.9,16.5,82.8,287.32,25.5,298.9,1,0
366.3,35.0,70.2,285.96,51.2,517.1,0,0
215.1,28.7,87.3,291.29,65.0,614.0,0,0
356.3,35.6,96.4,297.37,86.7,573.7,1,1
24.6,29.1,85.7,292.43,96.0,159.4,0,0
162.0,33.8,73.6,281.38,54.3,337.5,1,0
102.6,25.5,66.6,288.52,24.7,245.6,0,0
279.1,32.5,37.6,296.48,78.4,277.9,1,1
373.0,36.1,98.0,281.75,64.1,253.7,1,0
101.2,28.6,59.5,298.29,54.9,542.3,1,0
250.3,20.0,44.7,297.56,44.1,310.3,0,1
79.3,21.9,77.7,281.45,59.2,354.7,1,0
217.0,20.4,53.2,297.27,46.4,639.1,0,1
179.0,21.4,72.5,286.72,79.0,67.2,0,0
369.5,22.7,72.6,295.63,62.4,332.5,1,1
233.2,28.2,63.5,287.74,88.4,509.9,1,0
136.1,28.9,88.5,288.16,62.4,123.7,1,0
47.8,25.4,52.0,291.73,38.6,409.1,0,0
61.7,29.5,63.7,294.33,86.4,178.5,0,1
89.5,17.8,69.4,280.63,63.5,567.8,1,0
99.1,17.9,77.5,290.97,36.1,232.8,1,0
324.0,19.8,85.2,283.45,68.6,234.0,1,0
215.5,27.4,60.3,286.4,47.9,400.9,1,0
201.3,20.7,76.3,286.44,85.9,143.8,0,0
48.0,22.2,44.6,288.68,55.4,206.6,1,0
327.6,24.8,94.7,286.18,76.7,288.3,0,1
276.1,33.9,59.5,281.99,27.5,249.3,1,0
30.4,16.3,81.7,282.69,50.9,355.4,1,0
270.4,30.3,36.3,280.62,96.7,401.8,1,0
208.8,30.7,48.1,288.7,83.1,381.3,1,0
35.6,33.6,66.2,297.66,32.5,435.6,0,0
176.9,36.5,91.2,282.14,41.7,220.8,1,0
186.8,16.4,68.7,297.51,45.7,108.4,0,1
67.2,19.4,94.5,293.57,70.7,501.7,0,0
359.6,35.5,66.0,291.79,79.0,557.5,0,0
323.7,26.1,66.4,291.94,78.5,189.3,1,1
255.9,28.4,42.7,295.29,59.8,282.4,0,1
178.4,30.6,86.4,281.98,83.2,339.1,1,0
159.4,30.9,50.8,289.34,54.1,360.7,1,0
249.1,36.5,92.6,292.9,29.7,438.9,1,0
209.5,37.9,93.3,290.86,64.0,55.8,0,0
28.4,31.8,95.4,295.41,94.3,477.3,0,0
197.2,22.3,68.3,281.34,81.9,68.4,1,0
307.4,35.4,78.3,292.78,65.1,320.3,1,1
177.2,17.1,84.8,289.88,70.5,543.2,0,0
24.5,21.1,43.4,287.01,92.6,309.8,1,0
299.9,35.7,73.5,286.3,53.4,122.4,1,1
80.5,21.6,37.2,291.49,45.8,640.7,1,0
102.0,20.9,66.8,296.48,96.2,581.4,1,0
66.8,19.0,44.9,289.18,87.3,508.2,1,0
128.8,34.9,46.7,295.26,45.2,285.1,1,0
288.8,27.0,58.4,287.44,56.2,144.0,0,0
199.8,30.8,62.7,281.89,52.4,613.7,1,0
81.8,21.3,74.9,281.14,31.6,360.1,1,0
334.2,32.7,39.8,280.95,94.7,558.5,0,1
334.8,32.7,67.2,287.03,51.5,242.1,1,0
331.5,22.9,46.7,286.24,88.3,237.9,0,0
94.5,25.0,71.7,293.28,34.8,641.0,0,0
174.2,20.6,75.8,293.74,62.7,353.5,0,0
374.4,37.5,70.6,280.94,21.9,117.2,1,0
294.5,30.2,82.3,284.09,79.6,166.2,1,1
15.2,36.6,56.5,285.07,65.3,328.8,1,0
29.5,22.7,84.0,290.13,68.8,56.3,1,0
179.0,33.2,62.7,282.67,24.0,316.8,0,0
346.0,32.8,66.0,282.48,36.5,289.7,1,1
207.0,31.2,76.5,297.46,25.8,513.2,1,1
191.7,37.2,36.2,294.88,42.5,250.1,1,0
44.6,24.7,76.9,283.34,68.9,639.2,1,0
251.3,18.9,74.6,287.52,64.2,142.1,0,0
313.3,30.8,54.8,286.58,67.7,396.4,1,0
147.7,32.0,40.5,294.63,62.8,85.6,1,0
295.9,28.7,40.8,289.44,41.3,485.0,0,0
366.7,20.5,94.1,282.37,39.1,646.7,1,0
81.4,27.1,79.1,293.67,30.7,537.9,1,0
201.2,22.9,43.1,287.34,86.2,374.5,0,0
112.7,25.4,57.8,284.86,68.1,330.5,1,0
302.3,30.2,72.9,286.95,34.5,547.7,1,0
221.6,32.4,88.5,289.21,33.8,610.3,1,0
243.0,21.1,37.8,286.35,88.1,643.3,0,0
304.2,24.9,50.1,284.48,77.9,275.9,0,0
153.5,21.9,91.9,287.37,71.4,644.4,0,0
348.2,20.4,35.6,280.35,51.7,126.7,1,1
204.9,33.2,47.9,294.29,40.4,187.2,1,0
64.2,36.0,96.4,283.16,96.4,85.2,1,0
266.0,24.1,74.3,280.81,82.2,198.5,0,0
302.5,32.5,51.7,292.09,43.5,506.1,0,0
123.8,35.7,39.3,294.32,86.1,558.8,1,0
326.4,34.6,36.8,295.06,79.2,512.9,1,1
344.8,20.0,50.7,289.13,43.2,421.3,1,0
108.8,37.0,91.4,283.8,53.3,348.7,1,0
373.8,24.3,61.6,293.64,34.5,469.4,1,1
57.8,23.5,81.1,292.94,28.7,272.3,1,0
80.8,17.4,93.8,284.56,76.4,551.6,1,0
74.1,26.7,61.1,296.71,40.9,449.9,0,0
340.2,18.4,47.2,281.93,84.0,462.6,1,0
250.4,21.5,68.1,298.18,97.7,362.3,1,1
62.0,23.0,93.1,295.91,26.0,578.8,0,0
170.1,33.8,86.5,292.73,56.9,186.2,0,0
235.7,35.3,39.2,297.37,82.6,266.3,0,1
36.3,22.7,79.3,293.36,81.5,512.1,1,0
335.9,34.9,71.6,283.52,79.3,335.5,0,0
306.4,34.9,93.1,288.18,47.2,581.3,0,0
194.5,32.8,42.8,281.32,55.4,244.8,1,0
367.7,19.2,69.2,287.21,66.4,259.0,0,0
161.7,31.2,91.3,293.72,96.0,581.0,1,0
374.0,36.8,61.2,287.15,45.5,317.9,1,0
255.5,31.0,65.8,286.11,92.0,350.0,1,0
243.0,23.3,39.5,291.01,41.0,236.3,0,0
67.2,27.0,52.8,296.14,97.1,201.5,0,1
335.7,30.2,55.8,280.88,72.3,436.7,0,0
165.3,27.2,95.5,287.13,56.2,104.3,1,0
65.8,18.6,53.1,282.93,67.8,575.1,1,0
9.7,22.9,64.5,292.86,41.3,513.1,0,0
214.9,33.7,78.0,281.96,41.4,148.3,1,0
202.8,35.0,45.4,292.3,28.9,460.3,0,0
274.8,19.0,66.1,285.29,28.9,403.6,1,0
338.8,37.0,82.3,283.68,47.1,144.4,1,1
34.8,23.2,90.5,297.32,79.5,199.4,1,1
279.3,30.6,75.1,280.34,67.4,283.6,1,1
75.3,32.5,77.8,288.1,28.0,463.5,1,0
326.8,33.9,43.1,280.4,86.5,426.0,1,0
312.1,36.8,95.5,288.95,66.9,360.0,1,1
207.8,22.9,43.5,289.27,94.9,506.4,1,0
271.3,34.9,84.6,285.95,72.3,499.9,1,0
122.9,18.9,51.9,282.44,33.7,413.1,1,0
181.7,31.5,94.7,286.96,57.0,517.9,1,0
313.1,32.3,81.1,292.44,70.6,237.2,1,1
177.2,30.9,83.2,294.47,22.2,576.4,1,0
139.2,21.6,49.0,289.82,21.2,411.2,0,0
190.3,35.2,63.4,290.91,30.1,539.9,0,0
315.6,19.7,74.5,283.71,39.6,368.7,0,0
130.7,17.2,84.3,285.32,53.5,165.4,1,0
70.2,31.8,41.7,283.0,58.0,366.3,1,0
272.0,26.5,96.6,284.61,30.8,260.1,1,0
314.7,34.7,92.0,284.16,72.5,462.4,1,0
42.7,24.4,52.3,289.61,66.5,325.0,1,0
95.0,19.7,87.7,290.41,43.0,548.4,0,0
58.2,34.4,68.2,297.48,21.1,450.4,1,0
135.5,28.1,64.6,283.62,26.1,454.4,1,0
173.9,20.2,55.1,291.87,50.6,164.6,1,0
285.8,31.8,72.2,295.12,32.0,640.2,0,1
249.2,27.2,81.7,290.36,49.4,551.8,1,0
237.8,29.3,61.3,284.72,69.0,519.2,1,0
137.1,26.1,75.3,284.86,62.7,234.7,1,0
320.5,34.2,79.8,280.73,38.0,362.1,1,1
181.7,34.3,80.5,285.65,46.8,115.0,1,1
372.2,31.6,38.3,293.78,67.9,363.9,1,0
242.8,18.3,90.0,280.88,87.1,120.5,1,1
52.3,34.5,64.3,284.06,78.8,372.9,1,0
258.6,30.8,51.8,293.07,63.2,432.2,1,0
126.9,31.3,50.5,294.48,48.3,271.9,0,0
262.4,24.0,65.9,288.42,48.5,339.1,0,0
31.1,35.3,91.8,292.91,88.6,572.9,0,0
70.6,32.0,59.2,287.18,23.1,97.3,0,0
325.9,18.5,83.0,282.96,97.1,520.9,0,1
90.2,25.0,41.2,287.37,71.8,135.9,0,0
318.9,35.5,65.5,290.73,73.1,52.8,1,1
109.7,17.0,98.5,297.54,23.0,145.1,0,1
246.1,37.2,84.3,281.27,67.2,504.3,0,0
265.3,30.9,48.5,289.39,57.8,281.2,1,0
197.2,29.9,67.1,286.09,28.3,571.0,1,0
119.5,22.0,50.0,289.4,41.7,355.3,1,0
84.7,21.5,61.2,280.44,89.4,43.8,1,0
17.4,36.7,84.9,285.79,62.9,474.4,1,0
119.0,22.6,84.4,295.17,52.2,98.3,0,0
249.9,33.1,49.6,290.25,25.7,519.4,0,0
356.9,24.6,94.0,288.34,75.7,134.2,0,1
331.7,19.1,72.9,285.28,74.8,244.2,0,1
292.3,16.2,59.3,285.51,67.9,502.0,1,0
300.7,28.0,67.1,287.09,59.8,621.6,0,0
254.4,37.5,73.7,295.46,53.8,260.3,0,1
102.6,24.1,70.8,297.89,66.3,544.2,0,0
345.2,23.9,66.1,288.12,38.2,148.3,1,0
256.5,23.6,67.3,287.28,93.4,530.5,0,0
215.2,27.5,46.3,295.66,65.9,437.6,1,1
46.6,25.7,87.0,287.9,44.3,149.5,0,0
172.6,35.4,69.7,290.21,55.1,217.6,0,0
177.6,27.1,43.4,284.27,82.8,111.7,0,0
329.2,27.2,84.0,293.75,32.6,267.4,1,1
210.0,19.0,94.7,289.84,42.8,156.3,0,0
147.7,37.6,95.6,294.97,73.0,429.3,1,1
371.3,21.5,58.6,294.44,44.6,646.6,1,0
46.5,17.6,43.7,283.98,81.8,37.4,1,0
163.5,30.6,68.2,293.24,30.2,365.4,0,0
20.8,29.1,42.2,294.8,79.5,385.7,0,0
282.5,25.1,94.8,286.4,25.3,596.8,0,0
349.3,25.3,46.7,283.19,21.0,343.7,1,0
110.0,33.3,51.2,280.05,90.1,367.1,1,0
326.9,20.3,61.0,288.34,65.3,322.4,1,0
114.6,34.0,59.5,286.52,47.4,196.7,1,0
346.5,30.3,85.9,290.27,38.1,64.7,1,1
287.7,25.2,64.2,283.48,68.1,283.4,1,0
306.8,26.1,45.9,295.9,59.7,62.6,0,1
11.8,21.6,52.1,284.77,97.3,371.3,1,0
366.1,32.5,67.6,284.19,96.7,220.5,0,1
277.5,27.3,44.4,288.89,69.5,360.8,1,0
119.3,23.1,74.1,289.23,54.5,113.3,0,0
316.0,29.1,71.2,283.98,58.3,608.2,0,0
110.6,37.9,80.7,285.03,73.2,584.6,1,0
332.3,25.6,95.0,283.14,27.9,147.8,1,0
47.2,36.3,93.4,293.29,45.6,242.9,0,0
268.9,23.6,95.5,294.25,25.9,410.4,0,0
207.8,17.2,50.7,288.55,25.7,89.3,1,0
41.2,20.5,43.4,293.21,35.3,249.8,1,0
95.7,25.2,54.3,293.61,57.8,185.7,1,0
9.7,20.8,92.3,282.56,81.2,597.6,1,0
180.8,16.0,97.2,297.87,57.9,558.6,0,0
118.0,36.1,90.0,295.19,46.2,389.5,1,0
229.4,34.6,42.0,283.78,26.4,352.6,1,0
116.5,32.3,95.6,283.44,62.9,607.0,1,0
117.5,19.7,62.1,282.32,41.2,608.1,0,0
283.7,18.6,35.6,282.56,68.0,631.0,1,0
23.1,17.5,63.3,293.84,96.2,107.7,1,0
343.6,31.9,37.9,288.69,28.7,129.5,1,0
324.6,36.4,69.8,294.48,36.5,449.6,1,1
255.4,25.5,56.7,293.81,56.9,365.7,1,0
227.5,18.6,65.3,291.19,95.6,41.4,1,1
339.6,27.3,74.2,292.7,80.2,68.4,0,1
74.5,23.7,90.6,280.34,90.1,580.6,0,0
34.6,24.2,77.4,285.77,46.0,568.7,1,0
94.8,29.7,62.8,291.8,97.4,251.5,1,0
303.0,31.8,87.4,280.17,28.0,582.5,0,0
18.0,18.4,93.0,280.61,24.1,398.1,1,0
223.6,16.8,42.7,295.76,86.7,529.7,0,1
378.3,37.9,69.0,292.65,92.3,295.0,0,0
325.9,21.1,53.2,284.91,27.1,100.3,1,1
200.5,17.2,38.0,292.73,28.8,298.9,1,0
28.9,20.2,77.8,294.66,22.6,313.5,0,0
316.8,16.9,90.2,285.68,28.2,371.6,1,0
229.6,24.6,45.4,280.67,36.3,95.5,1,0
48.1,33.7,87.0,297.26,95.7,644.7,1,0
40.2,23.5,89.6,286.39,72.1,181.4,0,0
346.1,25.8,93.5,281.97,80.7,153.1,1,1
256.0,30.9,52.0,289.1,80.5,356.6,0,0
316.0,27.2,92.9,294.22,61.7,363.1,0,0
334.6,35.0,55.5,284.1,82.2,302.7,1,0
219.4,35.1,70.3,284.99,66.5,508.6,1,0
199.0,16.2,38.2,284.49,44.5,350.3,0,0
166.4,33.1,37.8,298.35,63.8,408.0,1,0
123.9,26.1,81.1,283.65,61.6,478.7,1,0
168.0,37.8,63.4,290.65,84.2,45.5,1,0
295.2,26.6,51.4,297.12,96.6,383.8,1,1
230.7,37.7,47.2,282.72,52.1,578.2,0,0
339.7,32.6,77.9,297.96,79.5,40.8,1,1
171.3,21.5,35.0,297.53,27.8,281.2,0,1
232.7,27.8,86.6,296.36,80.6,604.3,1,1
241.7,37.8,40.1,283.97,49.0,249.0,0,0
226.9,34.9,47.3,291.73,23.1,314.4,0,0
268.5,18.1,59.7,294.08,48.3,638.6,1,0
94.0,31.5,66.0,298.24,67.6,153.6,0,1
197.1,23.6,57.7,283.34,29.3,70.5,0,0
44.1,16.2,55.5,294.17,92.1,562.8,1,0
149.2,24.9,96.7,286.27,26.1,568.4,1,0
187.9,21.2,76.1,283.25,92.5,322.7,1,0
249.6,34.0,36.5,287.8,75.2,348.8,0,0
361.4,23.4,62.5,294.69,45.7,548.2,0,0
230.2,34.2,91.0,288.6,50.5,487.9,0,0
283.8,16.0,54.3,289.94,77.8,194.4,1,1
194.8,22.8,41.1,298.41,66.9,40.5,1,1
242.8,21.3,83.5,287.38,72.4,327.4,0,0
31.6,21.1,73.8,291.38,50.4,562.5,0,0
100.4,17.5,71.5,286.76,58.0,585.4,0,0
140.7,20.1,38.4,287.27,97.2,622.9,0,0
182.2,28.2,44.0,292.87,36.7,575.3,0,0
22.1,22.4,74.8,297.35,52.6,389.6,1,0
57.5,25.2,48.3,290.03,42.8,305.7,0,0
108.8,24.3,67.3,294.22,79.7,510.4,1,0
369.3,35.3,69.9,281.65,79.6,488.7,1,0
129.3,35.9,53.1,283.91,42.8,363.6,0,0
185.8,26.8,95.7,289.29,26.3,84.1,1,0
78.5,23.3,88.9,280.37,20.9,604.2,1,0
234.0,18.3,81.2,284.68,53.3,312.5,0,0
110.3,37.0,40.0,289.57,52.0,255.3,1,0
82.6,17.3,41.8,280.28,97.1,420.3,0,0
198.7,22.5,66.5,284.89,56.6,447.8,1,0
7.1,22.6,45.3,289.51,40.0,160.6,1,0
7.9,23.0,97.6,290.6,89.5,548.9,1,0
87.2,19.6,45.1,297.13,58.3,209.8,1,1
18.8,33.2,66.2,291.94,66.7,145.7,1,0
45.5,18.7,58.3,287.67,27.5,282.0,1,0
132.1,30.0,75.9,297.21,49.9,482.9,1,1
306.0,18.7,43.3,294.52,93.6,628.6,0,1
219.5,17.6,62.5,283.7,66.0,531.8,1,0
197.3,36.0,52.6,282.42,46.9,613.0,0,0
115.1,20.2,91.8,292.5,68.8,117.2,0,0
354.4,34.1,37.6,290.36,91.0,74.1,1,1
153.9,28.0,93.5,294.61,41.4,375.8,0,0
37.7,17.7,88.3,293.67,59.4,210.0,0,0
236.4,37.0,54.0,291.57,94.8,543.4,1,0
47.7,21.4,85.5,298.25,33.4,446.6,0,0
134.5,34.9,37.0,289.87,76.1,631.9,0,0
195.3,19.7,96.9,282.09,67.9,188.0,1,0
332.8,34.8,68.7,295.32,73.0,331.2,1,1
190.1,16.3,54.4,284.66,47.4,340.8,1,0
268.3,27.3,58.2,294.38,44.5,178.3,1,0
377.3,32.9,39.2,297.71,73.4,395.9,1,1
54.3,36.6,98.3,292.89,36.8,304.8,1,0
108.0,36.0,37.5,291.03,52.7,307.0,1,0
153.0,34.0,76.9,288.52,34.7,254.9,1,0
163.2,35.5,63.3,286.74,20.6,40.5,1,0
159.1,20.4,95.7,286.53,95.7,353.7,0,0
345.4,22.3,50.7,291.77,53.7,237.9,0,1
272.8,22.4,69.1,293.9,95.6,30.8,0,1
233.0,24.3,65.9,292.55,30.9,220.9,1,1
121.0,24.7,80.0,283.67,65.8,202.7,0,0
313.9,28.0,39.4,289.14,35.7,273.9,1,0
363.1,19.5,47.4,294.65,81.6,111.7,1,1
312.9,31.2,48.7,288.8,81.1,344.8,1,0
5.6,19.7,82.2,289.93,28.8,459.3,0,0
243.7,22.8,47.1,294.27,91.1,420.7,1,0
24.2,27.1,71.7,292.23,35.2,528.3,0,0
101.6,33.5,48.8,287.57,67.8,310.2,1,0
27.3,32.3,90.1,296.57,96.9,351.8,1,0
231.4,30.2,95.3,283.01,88.8,532.4,0,0
262.5,19.4,68.2,298.42,94.6,295.2,1,1
47.9,28.0,57.5,282.2,46.7,465.0,0,0
148.9,17.9,50.0,280.28,28.2,299.5,1,0
176.1,24.3,38.2,296.47,34.7,289.0,0,0
143.4,25.1,52.2,284.53,59.0,501.3,0,0
50.4,16.9,76.9,293.5,81.9,138.4,0,0
162.1,22.0,69.2,295.0,31.7,239.9,0,0
286.7,37.0,95.4,295.89,71.5,169.0,1,1
31.6,37.0,60.4,298.34,45.2,252.6,1,1
35.1,23.8,79.4,285.44,46.6,172.8,1,0
138.0,16.9,66.3,293.14,71.6,389.2,0,0
358.1,19.9,67.8,282.13,56.4,524.9,0,0
255.7,24.6,52.1,287.53,83.3,517.7,1,0
259.5,36.9,64.1,295.69,32.2,256.0,0,0
140.7,19.1,65.1,286.8,81.6,643.0,1,0
227.6,32.8,80.2,290.94,25.0,398.2,1,0
8.8,18.4,95.2,289.32,35.1,277.6,0,0
243.5,37.6,56.1,291.95,71.2,548.0,1,0
347.5,24.4,37.7,298.0,86.7,482.5,1,1
234.7,33.1,66.8,281.03,39.7,494.6,1,0
332.6,23.5,69.8,290.62,45.5,151.6,0,0
276.5,29.8,45.8,295.97,61.9,320.4,0,1
50.2,20.2,83.7,288.91,36.5,564.3,0,0
343.4,19.2,98.0,281.45,83.3,342.5,0,0
29.9,36.6,95.5,290.37,80.3,453.7,0,0
205.2,36.2,47.6,286.14,31.3,394.5,1,0
58.3,35.5,91.0,282.87,56.2,552.3,1,0
9.4,29.8,80.1,295.71,80.4,206.4,1,0
163.3,33.8,64.0,289.65,46.3,386.8,0,0
115.6,17.5,69.6,297.27,69.4,106.4,1,1
187.3,23.4,89.4,294.91,23.9,457.9,0,0
221.4,22.9,65.7,292.82,67.5,483.8,1,0
21.4,30.0,58.9,280.09,31.9,56.6,1,0
51.1,23.8,66.6,287.91,84.8,449.0,1,0
214.5,19.3,72.1,283.65,47.7,287.1,1,0
133.7,29.1,47.1,296.85,42.0,106.9,1,1
278.4,33.9,92.7,283.23,85.6,290.3,0,0
249.6,24.4,78.1,285.29,23.9,150.4,0,0
322.1,18.9,75.5,289.56,50.9,287.6,0,1
264.7,20.3,41.4,284.87,48.9,268.3,0,0
166.2,21.2,73.7,283.88,42.2,487.8,1,0
257.4,22.6,42.7,291.08,91.1,510.0,0,0
108.3,30.1,40.0,281.65,78.6,406.4,1,0
119.9,29.2,68.7,281.08,25.0,44.1,0,0
300.9,31.3,60.8,286.89,75.7,607.2,1,0
172.4,24.0,72.7,293.33,61.1,455.5,1,0
304.4,34.1,40.7,290.26,90.3,51.2,0,1
313.4,20.5,62.6,287.82,44.4,537.7,1,0
326.6,26.3,46.2,290.47,64.8,154.2,1,1
348.7,33.6,98.2,286.76,59.1,389.1,0,0
166.6,20.0,70.9,297.32,58.2,319.3,1,1
124.6,18.4,79.0,281.02,55.6,290.3,0,0
223.3,35.4,55.8,292.46,36.0,581.6,1,0
144.2,23.5,41.1,296.49,78.9,301.2,1,0
230.4,31.0,97.5,294.87,55.2,76.7,1,1
269.6,16.6,53.3,283.4,94.8,616.9,1,1
263.2,31.2,62.1,285.47,40.3,600.7,0,0
145.5,23.0,76.6,293.27,73.3,454.3,1,0
67.6,17.2,36.6,281.56,93.4,320.1,1,0
166.4,29.4,86.9,295.02,71.7,87.6,1,1
58.5,21.3,69.3,293.3,88.0,520.3,1,0
338.8,24.5,52.8,293.5,84.5,76.8,0,1
134.7,17.8,38.9,281.85,48.1,72.5,1,0
62.9,19.2,45.4,293.28,66.8,363.2,0,0
14.5,22.6,92.3,292.58,32.2,129.3,1,0
247.2,18.0,78.9,295.37,61.8,34.8,0,1
243.8,36.0,51.0,280.77,38.0,292.3,1,0
132.7,16.1,39.2,280.43,78.0,115.1,1,0
31.9,26.6,79.2,286.9,61.2,129.5,1,0
158.6,18.7,71.6,282.75,52.1,77.7,0,0
121.7,22.8,60.9,290.33,41.0,157.2,1,0
258.9,36.4,58.3,296.97,97.9,473.6,1,1
232.2,19.6,48.9,287.24,25.6,531.5,1,0
141.7,37.2,77.9,295.63,23.4,310.6,0,0
86.7,20.5,97.1,280.0,36.9,344.1,1,0
375.5,32.3,46.2,283.12,95.7,50.2,0,1
175.3,28.0,73.2,280.56,96.4,73.0,1,1
263.1,35.5,62.1,286.07,71.1,189.7,0,0
57.7,28.2,63.6,296.8,88.6,367.2,0,0
187.1,27.8,51.3,281.79,36.7,488.5,0,0
15.3,20.3,87.8,291.22,95.8,405.1,0,0
194.5,19.7,66.1,288.35,31.1,273.1,0,0
366.5,36.2,69.8,297.36,27.9,103.4,1,1
149.1,23.2,54.5,282.27,28.8,514.1,1,0
19.6,24.2,46.6,283.92,64.7,255.5,0,0
16.6,32.7,40.5,280.55,80.9,486.4,1,0
150.5,23.5,80.7,288.03,48.6,348.0,1,0
65.0,36.9,47.6,285.14,96.3,488.0,1,0
13.8,32.2,79.2,296.09,53.9,592.5,0,0
288.6,29.1,60.0,291.19,31.7,601.0,0,0
176.9,35.4,61.6,291.36,56.3,361.8,1,0
113.5,17.1,65.0,289.84,73.0,347.1,0,0
342.5,21.7,58.5,281.7,84.9,194.7,0,0
48.6,26.2,41.4,288.23,55.8,610.2,0,0
363.5,21.0,54.8,298.49,66.3,313.9,0,1
122.7,32.4,77.5,295.45,40.9,109.1,1,0
338.2,36.2,77.6,296.53,70.4,298.3,0,1
231.1,25.3,53.3,295.23,96.9,108.8,1,1
315.0,23.5,64.4,281.91,23.8,341.6,1,0
374.0,37.2,47.4,284.21,89.1,378.0,1,1
113.2,25.8,48.5,280.06,63.9,239.4,0,0
365.4,26.8,36.5,285.61,39.7,74.4,0,1
151.1,23.7,92.4,282.01,94.5,615.0,1,0
149.6,36.0,48.5,288.75,57.7,509.5,0,0
132.6,28.5,49.6,292.53,45.9,550.1,1,0
208.0,32.8,52.9,296.18,34.2,257.5,0,0
62.8,33.9,43.2,293.86,39.1,501.7,1,0
212.6,23.5,75.9,297.36,85.0,330.9,1,1
208.1,25.5,39.8,281.0,67.9,154.7,1,0
290.7,34.7,43.6,280.23,91.2,107.1,1,1
317.6,24.0,76.3,292.23,38.1,243.9,0,1
170.2,33.5,56.7,285.35,29.4,115.3,0,0
118.4,36.7,80.3,284.69,20.5,648.9,0,0
102.3,29.7,70.7,286.12,59.6,60.5,0,0
78.0,32.3,51.4,284.99,97.9,303.5,1,0
26.6,33.7,76.7,289.46,74.2,310.3,0,0
133.4,34.6,42.4,288.14,44.1,216.4,0,0
106.3,24.7,69.3,289.48,88.4,384.2,1,0
367.4,17.1,63.0,292.45,81.0,123.0,0,0
214.1,24.8,52.1,287.16,21.2,516.0,1,0
135.2,30.8,73.7,284.65,83.7,236.1,0,0
222.7,25.9,90.8,283.07,43.4,396.6,0,0
57.2,32.5,98.9,286.47,31.7,473.7,1,0
171.5,23.9,73.9,293.72,37.7,581.2,1,0
239.8,30.0,60.9,294.0,56.5,548.2,0,0
188.3,20.1,49.4,292.34,53.1,407.2,0,0
155.7,32.5,51.5,284.33,42.5,270.8,0,0
377.7,28.0,65.7,290.88,33.4,342.0,0,0
335.1,20.5,58.5,290.56,79.5,506.6,0,0
238.8,22.4,93.5,288.96,97.2,574.1,1,0
218.5,32.5,58.6,290.17,80.7,94.3,0,0
237.7,26.6,58.9,289.1,43.1,268.6,1,0
80.5,20.8,59.5,290.46,39.1,511.2,1,0
153.2,37.3,88.5,293.24,37.0,297.6,0,0
19.8,31.7,76.7,282.03,30.7,236.0,0,0
183.3,37.1,74.3,293.87,63.0,285.0,1,0
208.6,25.4,56.4,282.51,67.2,403.8,0,0
90.4,26.5,87.3,281.23,75.0,649.9,1,0
366.5,35.8,37.5,298.06,73.1,335.7,0,1
346.0,27.6,90.7,297.7,42.8,159.3,1,1
275.8,31.6,67.8,281.12,45.8,131.0,0,0
205.0,21.5,60.5,288.2,73.2,56.3,0,0
331.2,25.8,66.8,283.45,47.3,376.5,0,0
54.0,18.7,77.7,288.98,36.6,367.6,0,0
301.4,20.5,35.8,295.36,49.2,157.2,1,1
51.8,16.0,90.8,297.59,41.2,461.1,1,0
302.8,16.9,63.6,291.73,26.9,489.5,0,0
108.4,37.5,56.9,286.55,84.8,190.6,1,0
333.9,21.3,43.8,291.16,86.5,243.3,1,1
359.0,30.6,63.1,285.77,37.1,644.1,1,0
60.8,34.5,66.8,296.83,25.1,262.0,0,0
178.5,28.1,60.8,296.1,77.6,501.7,1,0
372.9,19.4,78.4,290.33,36.5,310.7,0,0
186.3,32.0,61.9,286.01,50.7,521.9,1,0
328.8,29.2,96.5,285.43,25.0,506.8,1,0
225.8,32.1,73.4,280.62,37.6,444.0,1,0
145.7,32.9,86.7,295.09,81.8,560.0,1,1
112.2,37.5,42.0,288.33,82.7,612.3,1,0
81.2,28.6,60.4,286.01,36.2,389.6,0,0
290.7,23.5,56.6,288.72,46.2,177.2,1,0
150.0,30.3,71.4,295.15,30.5,277.1,0,0
196.7,17.5,90.1,282.31,25.8,500.1,0,0
189.6,35.7,40.0,295.87,97.4,433.5,1,1
221.5,18.6,39.6,296.6,71.1,140.2,1,1
329.6,23.2,89.4,297.51,62.3,61.8,1,1
372.8,33.9,48.6,287.35,79.7,453.4,1,0
157.8,29.1,77.8,284.02,85.5,185.7,1,0
